,artist,track,danceability,energy,key,loudness,mode,speechiness,acousticness,instrumentalness,liveness,valence,tempo,type,id,uri,track_href,analysis_url,duration_ms,time_signature,playlist
0,Rihanna,Kiss It Better,0.619,0.806,3,-4.8,0,0.0483,0.272,0,0.0671,0.877,95,audio_features,7bmqcI1HQwx1PWwYyZO0lg,spotify:track:7bmqcI1HQwx1PWwYyZO0lg,https://api.spotify.com/v1/tracks/7bmqcI1HQwx1PWwYyZO0lg,https://api.spotify.com/v1/audio-analysis/7bmqcI1HQwx1PWwYyZO0lg,253080,4,Sarah
1,GAYLE,abcdefu,0.695,0.54,4,-5.692,1,0.0493,0.299,0,0.367,0.415,121.932,audio_features,4fouWK6XVHhzl78KzQ1UjL,spotify:track:4fouWK6XVHhzl78KzQ1UjL,https://api.spotify.com/v1/tracks/4fouWK6XVHhzl78KzQ1UjL,https://api.spotify.com/v1/audio-analysis/4fouWK6XVHhzl78KzQ1UjL,168602,4,Sarah
2,Dua Lipa,Love Again,0.659,0.667,11,-4.668,0,0.0339,0.00173,2.85E-05,0.1,0.468,115.982,audio_features,5CSKbHjpqborGnlzagyaDo,spotify:track:5CSKbHjpqborGnlzagyaDo,https://api.spotify.com/v1/tracks/5CSKbHjpqborGnlzagyaDo,https://api.spotify.com/v1/audio-analysis/5CSKbHjpqborGnlzagyaDo,258004,4,Sarah
3,Bad Bunny,DÁKITI,0.731,0.573,4,-10.059,0,0.0544,0.401,5.22E-05,0.113,0.145,109.928,audio_features,4MzXwWMhyBbmu6hOcLVD49,spotify:track:4MzXwWMhyBbmu6hOcLVD49,https://api.spotify.com/v1/tracks/4MzXwWMhyBbmu6hOcLVD49,https://api.spotify.com/v1/audio-analysis/4MzXwWMhyBbmu6hOcLVD49,205090,4,Sarah
4,Justin Bieber,Anyone,0.686,0.538,2,-8.026,1,0.0345,0.181,3.13E-06,0.113,0.584,115.884,audio_features,31qCy5ZaophVA81wtlwLc4,spotify:track:31qCy5ZaophVA81wtlwLc4,https://api.spotify.com/v1/tracks/31qCy5ZaophVA81wtlwLc4,https://api.spotify.com/v1/audio-analysis/31qCy5ZaophVA81wtlwLc4,190779,4,Sarah
5,Bazzi,Mine,0.71,0.789,4,-3.874,1,0.0722,0.0161,2.77E-06,0.451,0.717,142.929,audio_features,7uzmGiiJyRfuViKKK3lVmR,spotify:track:7uzmGiiJyRfuViKKK3lVmR,https://api.spotify.com/v1/tracks/7uzmGiiJyRfuViKKK3lVmR,https://api.spotify.com/v1/audio-analysis/7uzmGiiJyRfuViKKK3lVmR,131064,4,Sarah
6,Ruel,Dazed & Confused,0.688,0.5,2,-7.411,1,0.138,0.102,0,0.355,0.418,127.906,audio_features,2pyjbGTpJCPjMYwCbdymiF,spotify:track:2pyjbGTpJCPjMYwCbdymiF,https://api.spotify.com/v1/tracks/2pyjbGTpJCPjMYwCbdymiF,https://api.spotify.com/v1/audio-analysis/2pyjbGTpJCPjMYwCbdymiF,189608,3,Sarah
7,HYGH Lofi Music,Redbone,0.649,0.159,3,-12.456,0,0.0488,0.961,0.946,0.106,0.214,80.045,audio_features,2P2UqSc0bJFSH9PhSZKw8Y,spotify:track:2P2UqSc0bJFSH9PhSZKw8Y,https://api.spotify.com/v1/tracks/2P2UqSc0bJFSH9PhSZKw8Y,https://api.spotify.com/v1/audio-analysis/2P2UqSc0bJFSH9PhSZKw8Y,96478,4,Sarah
8,Troye Sivan,IN A DREAM,0.538,0.808,0,-5.644,1,0.132,0.019,1.99E-06,0.136,0.702,170.032,audio_features,1444RlH5FNC5fJmBcLB9xI,spotify:track:1444RlH5FNC5fJmBcLB9xI,https://api.spotify.com/v1/tracks/1444RlH5FNC5fJmBcLB9xI,https://api.spotify.com/v1/audio-analysis/1444RlH5FNC5fJmBcLB9xI,229614,4,Sarah
9,Marshmello,Leave Before You Love Me (with Jonas Brothers),0.721,0.738,7,-4.77,1,0.0403,0.00226,4.41E-06,0.118,0.637,119.976,audio_features,4qu63nuBpdn0qHUHuObEj1,spotify:track:4qu63nuBpdn0qHUHuObEj1,https://api.spotify.com/v1/tracks/4qu63nuBpdn0qHUHuObEj1,https://api.spotify.com/v1/audio-analysis/4qu63nuBpdn0qHUHuObEj1,154983,4,Sarah
10,Tate McRae,lie to me,0.642,0.392,4,-7.846,0,0.0372,0.0151,0,0.352,0.0479,138.065,audio_features,4f9IfFvBFm7Gsf1IVEudyf,spotify:track:4f9IfFvBFm7Gsf1IVEudyf,https://api.spotify.com/v1/tracks/4f9IfFvBFm7Gsf1IVEudyf,https://api.spotify.com/v1/audio-analysis/4f9IfFvBFm7Gsf1IVEudyf,177440,4,Sarah
11,Ruel,GROWING UP IS _____,0.673,0.729,0,-5.664,1,0.029,0.000983,0.000107,0.226,0.482,112.535,audio_features,2wJ1eOCIBwoQiN7xQtrTAY,spotify:track:2wJ1eOCIBwoQiN7xQtrTAY,https://api.spotify.com/v1/tracks/2wJ1eOCIBwoQiN7xQtrTAY,https://api.spotify.com/v1/audio-analysis/2wJ1eOCIBwoQiN7xQtrTAY,233588,4,Sarah
12,Shawn Mendes,Wonder,0.333,0.637,1,-4.904,0,0.0581,0.131,1.80E-05,0.149,0.132,139.898,audio_features,5KCbr5ndeby4y4ggthdiAb,spotify:track:5KCbr5ndeby4y4ggthdiAb,https://api.spotify.com/v1/tracks/5KCbr5ndeby4y4ggthdiAb,https://api.spotify.com/v1/audio-analysis/5KCbr5ndeby4y4ggthdiAb,172693,4,Sarah
13,Daya,Bad Girl - JVKE Remix,0.834,0.662,5,-6.179,1,0.0407,0.522,9.07E-05,0.14,0.718,115.999,audio_features,0wp6ckRomrGJq2fD2CFOQE,spotify:track:0wp6ckRomrGJq2fD2CFOQE,https://api.spotify.com/v1/tracks/0wp6ckRomrGJq2fD2CFOQE,https://api.spotify.com/v1/audio-analysis/0wp6ckRomrGJq2fD2CFOQE,166223,4,Sarah
14,Claire Rosinkranz,Frankenstein,0.826,0.745,2,-6.091,1,0.141,0.13,1.32E-05,0.178,0.883,119.92,audio_features,1xSmjB0t19q4CSJ0X0ymGB,spotify:track:1xSmjB0t19q4CSJ0X0ymGB,https://api.spotify.com/v1/tracks/1xSmjB0t19q4CSJ0X0ymGB,https://api.spotify.com/v1/audio-analysis/1xSmjB0t19q4CSJ0X0ymGB,202249,4,Sarah
15,Machine Gun Kelly,emo girl (feat. WILLOW),0.41,0.881,2,-3.502,1,0.087,0.000406,4.26E-05,0.922,0.357,165.006,audio_features,2AAyBZmMVZSZfgzXRYJOWQ,spotify:track:2AAyBZmMVZSZfgzXRYJOWQ,https://api.spotify.com/v1/tracks/2AAyBZmMVZSZfgzXRYJOWQ,https://api.spotify.com/v1/audio-analysis/2AAyBZmMVZSZfgzXRYJOWQ,159096,4,Sarah
16,WILLOW,Wait a Minute!,0.764,0.705,3,-5.279,0,0.0278,0.0371,1.94E-05,0.0943,0.672,101.003,audio_features,0y60itmpH0aPKsFiGxmtnh,spotify:track:0y60itmpH0aPKsFiGxmtnh,https://api.spotify.com/v1/tracks/0y60itmpH0aPKsFiGxmtnh,https://api.spotify.com/v1/audio-analysis/0y60itmpH0aPKsFiGxmtnh,196520,4,Sarah
17,M83,Midnight City,0.519,0.728,11,-5.41,0,0.0388,0.0188,1.53E-06,0.0656,0.248,105.028,audio_features,0gnyAfjj9sxtXmpcAf3AKu,spotify:track:0gnyAfjj9sxtXmpcAf3AKu,https://api.spotify.com/v1/tracks/0gnyAfjj9sxtXmpcAf3AKu,https://api.spotify.com/v1/audio-analysis/0gnyAfjj9sxtXmpcAf3AKu,243960,4,Sarah
18,Latto,Big Energy (feat. DJ Khaled) - Remix,0.867,0.771,11,-3.688,0,0.0939,0.0385,0,0.133,0.715,106.021,audio_features,4nmD4awtUUCC4AGETpUiuP,spotify:track:4nmD4awtUUCC4AGETpUiuP,https://api.spotify.com/v1/tracks/4nmD4awtUUCC4AGETpUiuP,https://api.spotify.com/v1/audio-analysis/4nmD4awtUUCC4AGETpUiuP,181666,4,Sarah
19,Troye Sivan,Angel Baby,0.559,0.559,11,-6.425,1,0.0358,0.0145,0,0.138,0.338,72.498,audio_features,2m6Ko3CY1qXNNja8AlugNc,spotify:track:2m6Ko3CY1qXNNja8AlugNc,https://api.spotify.com/v1/tracks/2m6Ko3CY1qXNNja8AlugNc,https://api.spotify.com/v1/audio-analysis/2m6Ko3CY1qXNNja8AlugNc,220780,4,Sarah
20,Post Malone,One Right Now (with The Weeknd),0.687,0.781,1,-4.806,1,0.053,0.0361,0,0.0755,0.688,97.014,audio_features,00Blm7zeNqgYLPtW6zg8cj,spotify:track:00Blm7zeNqgYLPtW6zg8cj,https://api.spotify.com/v1/tracks/00Blm7zeNqgYLPtW6zg8cj,https://api.spotify.com/v1/audio-analysis/00Blm7zeNqgYLPtW6zg8cj,193507,4,Sarah
21,Post Malone,Saint-Tropez,0.617,0.684,0,-3.618,1,0.0439,0.0545,0,0.104,0.295,132.113,audio_features,05mDaV9Vb3wrzjF6OPZnhq,spotify:track:05mDaV9Vb3wrzjF6OPZnhq,https://api.spotify.com/v1/tracks/05mDaV9Vb3wrzjF6OPZnhq,https://api.spotify.com/v1/audio-analysis/05mDaV9Vb3wrzjF6OPZnhq,150867,4,Sarah
22,Post Malone,Hollywood's Bleeding,0.405,0.646,4,-3.206,0,0.0476,0.331,0,0.103,0.17,130.218,audio_features,7sWRlDoTDX8geTR8zzr2vt,spotify:track:7sWRlDoTDX8geTR8zzr2vt,https://api.spotify.com/v1/tracks/7sWRlDoTDX8geTR8zzr2vt,https://api.spotify.com/v1/audio-analysis/7sWRlDoTDX8geTR8zzr2vt,156267,4,Sarah
23,Post Malone,Better Now,0.68,0.578,10,-5.804,1,0.04,0.331,0,0.135,0.341,145.038,audio_features,7dt6x5M1jzdTEt8oCbisTK,spotify:track:7dt6x5M1jzdTEt8oCbisTK,https://api.spotify.com/v1/tracks/7dt6x5M1jzdTEt8oCbisTK,https://api.spotify.com/v1/audio-analysis/7dt6x5M1jzdTEt8oCbisTK,231267,4,Sarah
24,Lauv,Drugs & The Internet,0.437,0.551,2,-7.044,1,0.143,0.361,8.65E-05,0.333,0.245,88.941,audio_features,4VM8y5Tx6UBxzfuLvYrhFf,spotify:track:4VM8y5Tx6UBxzfuLvYrhFf,https://api.spotify.com/v1/tracks/4VM8y5Tx6UBxzfuLvYrhFf,https://api.spotify.com/v1/audio-analysis/4VM8y5Tx6UBxzfuLvYrhFf,178560,4,Sarah
25,Lauv,"fuck, i'm lonely (with Anne-Marie)",0.809,0.547,9,-7.304,1,0.0609,0.46,0,0.0543,0.717,95.012,audio_features,09PGubKAMryhOWv1LHpCYz,spotify:track:09PGubKAMryhOWv1LHpCYz,https://api.spotify.com/v1/tracks/09PGubKAMryhOWv1LHpCYz,https://api.spotify.com/v1/audio-analysis/09PGubKAMryhOWv1LHpCYz,198973,4,Sarah
26,Lauv,Changes,0.533,0.454,2,-8.366,1,0.161,0.456,0,0.237,0.203,148.177,audio_features,7cDpMO5wuWgvv3j4INRBeB,spotify:track:7cDpMO5wuWgvv3j4INRBeB,https://api.spotify.com/v1/tracks/7cDpMO5wuWgvv3j4INRBeB,https://api.spotify.com/v1/audio-analysis/7cDpMO5wuWgvv3j4INRBeB,160187,4,Sarah
27,Lauv,Modern Loneliness,0.702,0.508,8,-7.105,1,0.035,0.144,0,0.108,0.143,82.009,audio_features,1eyek0KJEh2v5HQ9uQSybb,spotify:track:1eyek0KJEh2v5HQ9uQSybb,https://api.spotify.com/v1/tracks/1eyek0KJEh2v5HQ9uQSybb,https://api.spotify.com/v1/audio-analysis/1eyek0KJEh2v5HQ9uQSybb,252337,4,Sarah
28,The Weeknd,Save Your Tears (Remix) (with Ariana Grande) - Bonus Track,0.65,0.825,0,-4.645,1,0.0325,0.0215,2.44E-05,0.0936,0.593,118.091,audio_features,1oFAF1hdPOickyHgbuRjyX,spotify:track:1oFAF1hdPOickyHgbuRjyX,https://api.spotify.com/v1/tracks/1oFAF1hdPOickyHgbuRjyX,https://api.spotify.com/v1/audio-analysis/1oFAF1hdPOickyHgbuRjyX,191014,4,Sarah
29,Doja Cat,Say So,0.787,0.673,11,-4.583,0,0.159,0.264,3.35E-06,0.0904,0.779,110.962,audio_features,3Dv1eDb0MEgF93GpLXlucZ,spotify:track:3Dv1eDb0MEgF93GpLXlucZ,https://api.spotify.com/v1/tracks/3Dv1eDb0MEgF93GpLXlucZ,https://api.spotify.com/v1/audio-analysis/3Dv1eDb0MEgF93GpLXlucZ,237893,4,Sarah
30,DeJ Loaf,No Fear,0.614,0.682,11,-4.117,0,0.102,0.387,0,0.134,0.566,100.202,audio_features,2H881m3JRA8lpuuwaQL6zy,spotify:track:2H881m3JRA8lpuuwaQL6zy,https://api.spotify.com/v1/tracks/2H881m3JRA8lpuuwaQL6zy,https://api.spotify.com/v1/audio-analysis/2H881m3JRA8lpuuwaQL6zy,169853,4,Sarah
31,The Kid LAROI,STAY (with Justin Bieber),0.591,0.764,1,-5.484,1,0.0483,0.0383,0,0.103,0.478,169.928,audio_features,5PjdY0CKGZdEuoNab3yDmX,spotify:track:5PjdY0CKGZdEuoNab3yDmX,https://api.spotify.com/v1/tracks/5PjdY0CKGZdEuoNab3yDmX,https://api.spotify.com/v1/audio-analysis/5PjdY0CKGZdEuoNab3yDmX,141806,4,Sarah
32,Ariana Grande,breathin,0.568,0.656,8,-5.413,1,0.0433,0.0211,1.37E-05,0.213,0.364,100.049,audio_features,4OafepJy2teCjYJbvFE60J,spotify:track:4OafepJy2teCjYJbvFE60J,https://api.spotify.com/v1/tracks/4OafepJy2teCjYJbvFE60J,https://api.spotify.com/v1/audio-analysis/4OafepJy2teCjYJbvFE60J,198160,4,Sarah
33,gianni & kyle,do u even miss me at all?,0.819,0.519,10,-7.16,0,0.0768,0.384,0,0.0898,0.452,100.039,audio_features,1AHf5FSofKcUw8tyKkccKF,spotify:track:1AHf5FSofKcUw8tyKkccKF,https://api.spotify.com/v1/tracks/1AHf5FSofKcUw8tyKkccKF,https://api.spotify.com/v1/audio-analysis/1AHf5FSofKcUw8tyKkccKF,177627,4,Sarah
34,PRETTYMUCH,Phases,0.77,0.636,11,-6.724,0,0.131,0.169,0,0.0676,0.492,105.93,audio_features,3je88Q4OvTqIx7BFRFYvRA,spotify:track:3je88Q4OvTqIx7BFRFYvRA,https://api.spotify.com/v1/tracks/3je88Q4OvTqIx7BFRFYvRA,https://api.spotify.com/v1/audio-analysis/3je88Q4OvTqIx7BFRFYvRA,215760,4,Sarah
35,ATB,Your Love (9PM),0.669,0.784,7,-5.603,1,0.112,0.194,6.28E-06,0.115,0.517,125.993,audio_features,5YaskwnGDZFDRipaqzbwQx,spotify:track:5YaskwnGDZFDRipaqzbwQx,https://api.spotify.com/v1/tracks/5YaskwnGDZFDRipaqzbwQx,https://api.spotify.com/v1/audio-analysis/5YaskwnGDZFDRipaqzbwQx,150053,4,Sarah
36,Purity Ring,begin again - HEALTH Remix,0.577,0.521,2,-8.185,1,0.0362,0.00306,0.0521,0.0875,0.0543,100.007,audio_features,1tSZL8hRpFVMa4eKOs3f7Z,spotify:track:1tSZL8hRpFVMa4eKOs3f7Z,https://api.spotify.com/v1/tracks/1tSZL8hRpFVMa4eKOs3f7Z,https://api.spotify.com/v1/audio-analysis/1tSZL8hRpFVMa4eKOs3f7Z,257277,4,Sarah
37,WizKid,Essence (feat. Justin Bieber & Tems),0.835,0.691,0,-5.828,1,0.113,0.0159,1.44E-05,0.108,0.581,103.999,audio_features,1mSdbey7RstGLY2udgXv74,spotify:track:1mSdbey7RstGLY2udgXv74,https://api.spotify.com/v1/tracks/1mSdbey7RstGLY2udgXv74,https://api.spotify.com/v1/audio-analysis/1mSdbey7RstGLY2udgXv74,263289,4,Sarah
38,Koffee,Toast,0.906,0.638,10,-7.917,0,0.256,0.0342,1.70E-05,0.0725,0.789,99.959,audio_features,3VEpRXloN4rbzNRPSQzZFW,spotify:track:3VEpRXloN4rbzNRPSQzZFW,https://api.spotify.com/v1/tracks/3VEpRXloN4rbzNRPSQzZFW,https://api.spotify.com/v1/audio-analysis/3VEpRXloN4rbzNRPSQzZFW,191502,4,Sarah
39,SAINt JHN,I Can Fvcking Tell,0.689,0.38,10,-8.491,1,0.0324,0.72,1.62E-06,0.153,0.234,97.991,audio_features,3vkJQv4A2LPtVQYJbWhIQ0,spotify:track:3vkJQv4A2LPtVQYJbWhIQ0,https://api.spotify.com/v1/tracks/3vkJQv4A2LPtVQYJbWhIQ0,https://api.spotify.com/v1/audio-analysis/3vkJQv4A2LPtVQYJbWhIQ0,203919,4,Sarah
40,Juice WRLD,Lucid Dreams,0.511,0.566,6,-7.23,0,0.2,0.349,0,0.34,0.218,83.903,audio_features,285pBltuF7vW8TeWk8hdRR,spotify:track:285pBltuF7vW8TeWk8hdRR,https://api.spotify.com/v1/tracks/285pBltuF7vW8TeWk8hdRR,https://api.spotify.com/v1/audio-analysis/285pBltuF7vW8TeWk8hdRR,239836,4,Sarah
41,Nebezao,Smash,0.765,0.915,11,-3.176,1,0.094,0.0141,0.212,0.512,0.47,117.019,audio_features,0VLxbNBLN4qQW8esgArA0p,spotify:track:0VLxbNBLN4qQW8esgArA0p,https://api.spotify.com/v1/tracks/0VLxbNBLN4qQW8esgArA0p,https://api.spotify.com/v1/audio-analysis/0VLxbNBLN4qQW8esgArA0p,220108,4,Sarah
42,MAX BARSKIH,BESTSELLER,0.677,0.885,9,-6.313,0,0.0781,0.0483,0,0.302,0.207,118.071,audio_features,6rnmvTLg2KnF0rZUCgRWHH,spotify:track:6rnmvTLg2KnF0rZUCgRWHH,https://api.spotify.com/v1/tracks/6rnmvTLg2KnF0rZUCgRWHH,https://api.spotify.com/v1/audio-analysis/6rnmvTLg2KnF0rZUCgRWHH,223220,4,Sarah
43,JVCK JAMES,4AM,0.597,0.59,6,-7.599,1,0.129,0.431,0.00162,0.111,0.495,91.01,audio_features,5wfB2LxNDCW60gdcvGGfid,spotify:track:5wfB2LxNDCW60gdcvGGfid,https://api.spotify.com/v1/tracks/5wfB2LxNDCW60gdcvGGfid,https://api.spotify.com/v1/audio-analysis/5wfB2LxNDCW60gdcvGGfid,209502,4,Sarah
44,Bazzi,I.F.L.Y.,0.812,0.519,2,-4.823,1,0.0385,0.379,0,0.13,0.554,104.954,audio_features,4a6q8CR2hzLk2plDkSxkfD,spotify:track:4a6q8CR2hzLk2plDkSxkfD,https://api.spotify.com/v1/tracks/4a6q8CR2hzLk2plDkSxkfD,https://api.spotify.com/v1/audio-analysis/4a6q8CR2hzLk2plDkSxkfD,165714,4,Sarah
45,dj poolboi,don't be so hard on yourself,0.717,0.52,7,-9.393,1,0.0361,0.101,0.941,0.0732,0.178,100.009,audio_features,0j69d3zENO7ZVjplwetmQp,spotify:track:0j69d3zENO7ZVjplwetmQp,https://api.spotify.com/v1/tracks/0j69d3zENO7ZVjplwetmQp,https://api.spotify.com/v1/audio-analysis/0j69d3zENO7ZVjplwetmQp,145000,4,Sarah
46,rum.gold,Call It What You Want,0.494,0.208,11,-14.595,0,0.0398,0.874,0.00094,0.0926,0.26,83.934,audio_features,4ZxL5Fi5K0nkyTmsbwPdsj,spotify:track:4ZxL5Fi5K0nkyTmsbwPdsj,https://api.spotify.com/v1/tracks/4ZxL5Fi5K0nkyTmsbwPdsj,https://api.spotify.com/v1/audio-analysis/4ZxL5Fi5K0nkyTmsbwPdsj,234905,4,Sarah
47,The Blaze,Somewhere (feat. Octavian),0.48,0.417,1,-11.974,1,0.0482,0.273,0.127,0.111,0.0948,129.948,audio_features,1Tzq2as6CZlNfwRoYXM5JK,spotify:track:1Tzq2as6CZlNfwRoYXM5JK,https://api.spotify.com/v1/tracks/1Tzq2as6CZlNfwRoYXM5JK,https://api.spotify.com/v1/audio-analysis/1Tzq2as6CZlNfwRoYXM5JK,215147,4,Sarah
48,Lauren Jauregui,50ft.,0.559,0.501,0,-7.049,1,0.315,0.78,4.10E-05,0.107,0.341,191.54,audio_features,1wiphSU5URcMkpMoGK5mFO,spotify:track:1wiphSU5URcMkpMoGK5mFO,https://api.spotify.com/v1/tracks/1wiphSU5URcMkpMoGK5mFO,https://api.spotify.com/v1/audio-analysis/1wiphSU5URcMkpMoGK5mFO,185911,4,Sarah
49,Kanye West,Moon,0.319,0.236,5,-9.644,1,0.0318,0.898,1.62E-05,0.272,0.254,162.351,audio_features,7CC6UbCs4iGsePSzFxYxNn,spotify:track:7CC6UbCs4iGsePSzFxYxNn,https://api.spotify.com/v1/tracks/7CC6UbCs4iGsePSzFxYxNn,https://api.spotify.com/v1/audio-analysis/7CC6UbCs4iGsePSzFxYxNn,156091,4,Sarah
50,Kendrick Lamar,Swimming Pools (Drank),0.577,0.447,8,-5.892,1,0.277,0.00627,0.00022,0.0899,0.189,74.236,audio_features,6REbwUNlppTfcnV4d4ZoZi,spotify:track:6REbwUNlppTfcnV4d4ZoZi,https://api.spotify.com/v1/tracks/6REbwUNlppTfcnV4d4ZoZi,https://api.spotify.com/v1/audio-analysis/6REbwUNlppTfcnV4d4ZoZi,247800,4,Sarah
51,Snoop Dogg,Drop It Like It's Hot,0.888,0.632,1,-3.872,1,0.219,0.19,0,0.101,0.662,91.979,audio_features,2NBQmPrOEEjA8VbeWOQGxO,spotify:track:2NBQmPrOEEjA8VbeWOQGxO,https://api.spotify.com/v1/tracks/2NBQmPrOEEjA8VbeWOQGxO,https://api.spotify.com/v1/audio-analysis/2NBQmPrOEEjA8VbeWOQGxO,266067,4,Sarah
52,Daniel Caesar,A Cappella,0.191,0.314,9,-10.949,0,0.0347,0.862,2.57E-06,0.171,0.121,70.03,audio_features,3XlzpaHje8MlpaGe8twgr7,spotify:track:3XlzpaHje8MlpaGe8twgr7,https://api.spotify.com/v1/tracks/3XlzpaHje8MlpaGe8twgr7,https://api.spotify.com/v1/audio-analysis/3XlzpaHje8MlpaGe8twgr7,88916,5,Sarah
53,AC/DC,Thunderstruck,0.502,0.89,4,-5.175,1,0.0364,0.000147,0.0117,0.217,0.259,133.52,audio_features,57bgtoPSgt236HzfBOd8kj,spotify:track:57bgtoPSgt236HzfBOd8kj,https://api.spotify.com/v1/tracks/57bgtoPSgt236HzfBOd8kj,https://api.spotify.com/v1/audio-analysis/57bgtoPSgt236HzfBOd8kj,292880,4,Terry
54,Flowers,We Can Get Together,0.656,0.843,7,-6.594,1,0.113,0.000264,0.000357,0.111,0.647,145.039,audio_features,19CLG4DCbRTIRCoNyn1teP,spotify:track:19CLG4DCbRTIRCoNyn1teP,https://api.spotify.com/v1/tracks/19CLG4DCbRTIRCoNyn1teP,https://api.spotify.com/v1/audio-analysis/19CLG4DCbRTIRCoNyn1teP,226973,4,Terry
55,Tom Petty,Runnin' Down A Dream,0.471,0.956,9,-6.371,1,0.0403,0.000596,0.62,0.624,0.715,169.798,audio_features,5yAu4njFSdM47dfsTkQPZ2,spotify:track:5yAu4njFSdM47dfsTkQPZ2,https://api.spotify.com/v1/tracks/5yAu4njFSdM47dfsTkQPZ2,https://api.spotify.com/v1/audio-analysis/5yAu4njFSdM47dfsTkQPZ2,261813,4,Terry
56,The Killers,Mr. Brightside,0.352,0.911,1,-5.23,1,0.0747,0.00121,0,0.0995,0.236,148.033,audio_features,003vvx7Niy0yvhvHt4a68B,spotify:track:003vvx7Niy0yvhvHt4a68B,https://api.spotify.com/v1/tracks/003vvx7Niy0yvhvHt4a68B,https://api.spotify.com/v1/audio-analysis/003vvx7Niy0yvhvHt4a68B,222973,4,Terry
57,Iron Maiden,Run to the Hills - 1998 Remaster,0.225,0.951,0,-4.654,1,0.0924,0.00837,0.000225,0.219,0.471,173.241,audio_features,4Z4ZLBzCXSlHSCaxZ3WS7p,spotify:track:4Z4ZLBzCXSlHSCaxZ3WS7p,https://api.spotify.com/v1/tracks/4Z4ZLBzCXSlHSCaxZ3WS7p,https://api.spotify.com/v1/audio-analysis/4Z4ZLBzCXSlHSCaxZ3WS7p,233947,4,Terry
58,Talking Heads,Once in a Lifetime - 2005 Remaster,0.644,0.919,2,-6.289,1,0.0561,0.181,0.134,0.622,0.871,117.459,audio_features,38Ngied9rBORlAbLYNCl4k,spotify:track:38Ngied9rBORlAbLYNCl4k,https://api.spotify.com/v1/tracks/38Ngied9rBORlAbLYNCl4k,https://api.spotify.com/v1/audio-analysis/38Ngied9rBORlAbLYNCl4k,259907,4,Terry
59,Gary Numan,Cars,0.545,0.578,2,-8.745,1,0.0406,0.0114,6.57E-05,0.0692,0.819,128.038,audio_features,4QQEzkxcONBthDLfzqIh9S,spotify:track:4QQEzkxcONBthDLfzqIh9S,https://api.spotify.com/v1/tracks/4QQEzkxcONBthDLfzqIh9S,https://api.spotify.com/v1/audio-analysis/4QQEzkxcONBthDLfzqIh9S,238907,4,Terry
60,Pink Floyd,Wish You Were Here,0.481,0.262,7,-15.73,1,0.0414,0.735,0.0114,0.832,0.375,122.861,audio_features,6mFkJmJqdDVQ1REhVfGgd1,spotify:track:6mFkJmJqdDVQ1REhVfGgd1,https://api.spotify.com/v1/tracks/6mFkJmJqdDVQ1REhVfGgd1,https://api.spotify.com/v1/audio-analysis/6mFkJmJqdDVQ1REhVfGgd1,334744,4,Terry
61,Boogie Pimps,Somebody to Love (Salt Shaker Remix) - Radio Edit,0.817,0.741,11,-8.489,1,0.0433,0.0805,0.165,0.376,0.838,130.493,audio_features,5GOr2ve8y6EIFB4U7Kvavd,spotify:track:5GOr2ve8y6EIFB4U7Kvavd,https://api.spotify.com/v1/tracks/5GOr2ve8y6EIFB4U7Kvavd,https://api.spotify.com/v1/audio-analysis/5GOr2ve8y6EIFB4U7Kvavd,211667,4,Terry
62,D:Ream,Things Can Only Get Better,0.671,0.74,10,-12.43,0,0.0389,0.122,0,0.196,0.102,125,audio_features,5HmwYfynpGAjgrj4bp9eMy,spotify:track:5HmwYfynpGAjgrj4bp9eMy,https://api.spotify.com/v1/tracks/5HmwYfynpGAjgrj4bp9eMy,https://api.spotify.com/v1/audio-analysis/5HmwYfynpGAjgrj4bp9eMy,258000,4,Terry
63,Steppenwolf,Born To Be Wild,0.438,0.71,2,-12.412,1,0.0919,0.262,0.537,0.221,0.53,145.928,audio_features,63OFKbMaZSDZ4wtesuuq6f,spotify:track:63OFKbMaZSDZ4wtesuuq6f,https://api.spotify.com/v1/tracks/63OFKbMaZSDZ4wtesuuq6f,https://api.spotify.com/v1/audio-analysis/63OFKbMaZSDZ4wtesuuq6f,210373,4,Terry
64,Joy Division,Love Will Tear Us Apart,0.443,0.956,2,-6.198,1,0.0511,5.24E-05,0.825,0.135,0.909,146.754,audio_features,2JO3HwMRPeya8bXbtbyPcf,spotify:track:2JO3HwMRPeya8bXbtbyPcf,https://api.spotify.com/v1/tracks/2JO3HwMRPeya8bXbtbyPcf,https://api.spotify.com/v1/audio-analysis/2JO3HwMRPeya8bXbtbyPcf,206867,4,Terry
65,Roy Orbison,I Drove All Night,0.478,0.624,5,-11.16,1,0.0393,0.655,0.00197,0.114,0.579,138.708,audio_features,6U7QjXYOaLJ741cIWPBTyN,spotify:track:6U7QjXYOaLJ741cIWPBTyN,https://api.spotify.com/v1/tracks/6U7QjXYOaLJ741cIWPBTyN,https://api.spotify.com/v1/audio-analysis/6U7QjXYOaLJ741cIWPBTyN,226893,4,Terry
66,A Flock Of Seagulls,Space Age Love Song,0.493,0.534,2,-11.917,1,0.029,0.00211,0.00082,0.192,0.636,140.006,audio_features,6EwlLu39JZTDTJnnjFe07g,spotify:track:6EwlLu39JZTDTJnnjFe07g,https://api.spotify.com/v1/tracks/6EwlLu39JZTDTJnnjFe07g,https://api.spotify.com/v1/audio-analysis/6EwlLu39JZTDTJnnjFe07g,226587,4,Terry
67,Florence + The Machine,You've Got The Love,0.574,0.694,6,-4.697,1,0.0327,0.00481,0,0.102,0.401,109.85,audio_features,244AvzGQ4Ksa5637JQu5Gy,spotify:track:244AvzGQ4Ksa5637JQu5Gy,https://api.spotify.com/v1/tracks/244AvzGQ4Ksa5637JQu5Gy,https://api.spotify.com/v1/audio-analysis/244AvzGQ4Ksa5637JQu5Gy,168667,4,Terry
68,Sigma,Glitterball,0.491,0.763,0,-4.827,1,0.0325,0.0416,0,0.184,0.215,140.036,audio_features,3XQ7KQwUQfiaTU44mCYALZ,spotify:track:3XQ7KQwUQfiaTU44mCYALZ,https://api.spotify.com/v1/tracks/3XQ7KQwUQfiaTU44mCYALZ,https://api.spotify.com/v1/audio-analysis/3XQ7KQwUQfiaTU44mCYALZ,226293,4,Terry
69,George Ezra,Budapest,0.717,0.455,5,-8.303,1,0.0276,0.0846,0,0.11,0.389,127.812,audio_features,2ixsaeFioXJmMgkkbd4uj1,spotify:track:2ixsaeFioXJmMgkkbd4uj1,https://api.spotify.com/v1/tracks/2ixsaeFioXJmMgkkbd4uj1,https://api.spotify.com/v1/audio-analysis/2ixsaeFioXJmMgkkbd4uj1,200733,4,Terry
70,LMC,Take Me to the Clouds Above,0.613,0.936,1,-8.575,1,0.0568,0.00881,0.424,0.239,0.396,140.015,audio_features,4vDLYk9lY7QbnwmHOcIcL6,spotify:track:4vDLYk9lY7QbnwmHOcIcL6,https://api.spotify.com/v1/tracks/4vDLYk9lY7QbnwmHOcIcL6,https://api.spotify.com/v1/audio-analysis/4vDLYk9lY7QbnwmHOcIcL6,306857,4,Terry
71,Black Eyed Peas,I Gotta Feeling,0.743,0.766,0,-6.375,1,0.0265,0.0873,0,0.509,0.61,127.96,audio_features,4kLLWz7srcuLKA7Et40PQR,spotify:track:4kLLWz7srcuLKA7Et40PQR,https://api.spotify.com/v1/tracks/4kLLWz7srcuLKA7Et40PQR,https://api.spotify.com/v1/audio-analysis/4kLLWz7srcuLKA7Et40PQR,289133,4,Terry
72,Pete Murray,Better Days,0.638,0.571,1,-7.311,1,0.0248,0.141,0.000141,0.275,0.339,113.978,audio_features,38ch7Tu4x3oMbmV2HjMG3q,spotify:track:38ch7Tu4x3oMbmV2HjMG3q,https://api.spotify.com/v1/tracks/38ch7Tu4x3oMbmV2HjMG3q,https://api.spotify.com/v1/audio-analysis/38ch7Tu4x3oMbmV2HjMG3q,222987,4,Terry
73,INXS,Don't Change,0.206,0.81,9,-6.492,1,0.0423,5.93E-05,0.0644,0.0855,0.155,163.552,audio_features,2j7z87EnqB1NFQts2db0VR,spotify:track:2j7z87EnqB1NFQts2db0VR,https://api.spotify.com/v1/tracks/2j7z87EnqB1NFQts2db0VR,https://api.spotify.com/v1/audio-analysis/2j7z87EnqB1NFQts2db0VR,268200,4,Terry
74,blink-182,I Miss You,0.423,0.714,11,-8.295,1,0.045,0.00113,6.28E-06,0.0855,0.593,110.017,audio_features,1AdYZ6X00nXmO613Y7GJOl,spotify:track:1AdYZ6X00nXmO613Y7GJOl,https://api.spotify.com/v1/tracks/1AdYZ6X00nXmO613Y7GJOl,https://api.spotify.com/v1/audio-analysis/1AdYZ6X00nXmO613Y7GJOl,227250,4,Terry
75,Coldplay,Yellow,0.429,0.661,11,-7.227,1,0.0281,0.00239,0.000121,0.234,0.285,173.372,audio_features,3AJwUDP919kvQ9QcozQPxg,spotify:track:3AJwUDP919kvQ9QcozQPxg,https://api.spotify.com/v1/tracks/3AJwUDP919kvQ9QcozQPxg,https://api.spotify.com/v1/audio-analysis/3AJwUDP919kvQ9QcozQPxg,266773,4,Terry
76,U2,Beautiful Day,0.536,0.928,11,-6.492,0,0.0589,0.0154,0.00134,0.2,0.389,136.258,audio_features,0gzqZ9d1jIKo9psEIthwXe,spotify:track:0gzqZ9d1jIKo9psEIthwXe,https://api.spotify.com/v1/tracks/0gzqZ9d1jIKo9psEIthwXe,https://api.spotify.com/v1/audio-analysis/0gzqZ9d1jIKo9psEIthwXe,248400,4,Terry
77,Pink Floyd,Comfortably Numb,0.472,0.366,11,-12.595,0,0.0286,0.15,0.312,0.0837,0.171,127.163,audio_features,5HNCy40Ni5BZJFw1TKzRsC,spotify:track:5HNCy40Ni5BZJFw1TKzRsC,https://api.spotify.com/v1/tracks/5HNCy40Ni5BZJFw1TKzRsC,https://api.spotify.com/v1/audio-analysis/5HNCy40Ni5BZJFw1TKzRsC,382297,4,Terry
78,Modern English,I Melt with You,0.535,0.801,0,-11.734,1,0.0345,0.00103,0.00329,0.0676,0.672,155.571,audio_features,3xzRBn3ywzobJrc1efC7Sb,spotify:track:3xzRBn3ywzobJrc1efC7Sb,https://api.spotify.com/v1/tracks/3xzRBn3ywzobJrc1efC7Sb,https://api.spotify.com/v1/audio-analysis/3xzRBn3ywzobJrc1efC7Sb,251573,4,Terry
79,P!nk,Get the Party Started,0.802,0.903,11,-3.267,0,0.046,0.0011,0,0.173,0.96,128.93,audio_features,02jcEwywffn3Tsb48fXmlW,spotify:track:02jcEwywffn3Tsb48fXmlW,https://api.spotify.com/v1/tracks/02jcEwywffn3Tsb48fXmlW,https://api.spotify.com/v1/audio-analysis/02jcEwywffn3Tsb48fXmlW,192533,4,Terry
80,Iggy Pop,Real Wild Child (Wild One),0.59,0.851,4,-11.754,1,0.0297,0.0174,0.0975,0.154,0.968,146.213,audio_features,6ZAwEE4kTdtvyE66iRhFxR,spotify:track:6ZAwEE4kTdtvyE66iRhFxR,https://api.spotify.com/v1/tracks/6ZAwEE4kTdtvyE66iRhFxR,https://api.spotify.com/v1/audio-analysis/6ZAwEE4kTdtvyE66iRhFxR,218307,4,Terry
81,Fatboy Slim,The Rockafeller Skank,0.666,0.992,7,-6.701,1,0.25,0.0111,0.00437,0.22,0.0806,152.589,audio_features,48JrHJdke53Te8dQ9aWzvV,spotify:track:48JrHJdke53Te8dQ9aWzvV,https://api.spotify.com/v1/tracks/48JrHJdke53Te8dQ9aWzvV,https://api.spotify.com/v1/audio-analysis/48JrHJdke53Te8dQ9aWzvV,413880,4,Terry
82,The Dandy Warhols,We Used To Be Friends,0.712,0.665,6,-4.878,0,0.0266,7.18E-05,0.192,0.306,0.594,105.284,audio_features,7hpFYWL3cw5m4y70cce7Zb,spotify:track:7hpFYWL3cw5m4y70cce7Zb,https://api.spotify.com/v1/tracks/7hpFYWL3cw5m4y70cce7Zb,https://api.spotify.com/v1/audio-analysis/7hpFYWL3cw5m4y70cce7Zb,199960,4,Terry
83,The Dandy Warhols,Bohemian Like You,0.584,0.931,9,-6.158,1,0.0344,0.00315,0.772,0.133,0.694,131.275,audio_features,0yEhNqCwEfy8LHUmnZoHpP,spotify:track:0yEhNqCwEfy8LHUmnZoHpP,https://api.spotify.com/v1/tracks/0yEhNqCwEfy8LHUmnZoHpP,https://api.spotify.com/v1/audio-analysis/0yEhNqCwEfy8LHUmnZoHpP,211707,4,Terry
84,Sweet,Ballroom Blitz,0.626,0.879,6,-6.6,0,0.0777,0.0228,0.000193,0.0471,0.878,108.434,audio_features,6k6j3ZUljY1QLTMbc8VqB0,spotify:track:6k6j3ZUljY1QLTMbc8VqB0,https://api.spotify.com/v1/tracks/6k6j3ZUljY1QLTMbc8VqB0,https://api.spotify.com/v1/audio-analysis/6k6j3ZUljY1QLTMbc8VqB0,240629,4,Terry
85,Joan Jett & The Blackhearts,Do You Wanna Touch Me (Oh Yeah),0.572,0.836,11,-3.159,1,0.0867,0.0247,0.000221,0.159,0.726,127.667,audio_features,6Xprc4GuCejWA3BjU5knyw,spotify:track:6Xprc4GuCejWA3BjU5knyw,https://api.spotify.com/v1/tracks/6Xprc4GuCejWA3BjU5knyw,https://api.spotify.com/v1/audio-analysis/6Xprc4GuCejWA3BjU5knyw,226520,4,Terry
86,The Cars,Just What I Needed,0.619,0.579,4,-9.307,1,0.0473,0.0152,6.40E-05,0.0858,0.69,127.224,audio_features,4alHo6RGd0D3OUbTPExTHN,spotify:track:4alHo6RGd0D3OUbTPExTHN,https://api.spotify.com/v1/tracks/4alHo6RGd0D3OUbTPExTHN,https://api.spotify.com/v1/audio-analysis/4alHo6RGd0D3OUbTPExTHN,225627,4,Terry
87,Naughty Boy,Runnin' (Lose It All),0.319,0.846,6,-6.109,1,0.0796,0.0103,4.11E-05,0.475,0.0784,139.163,audio_features,5yZvaUVyuXfSVUaMumFi6l,spotify:track:5yZvaUVyuXfSVUaMumFi6l,https://api.spotify.com/v1/tracks/5yZvaUVyuXfSVUaMumFi6l,https://api.spotify.com/v1/audio-analysis/5yZvaUVyuXfSVUaMumFi6l,213019,4,Terry
88,ZZ Top,Gimme All Your Lovin',0.63,0.788,5,-6.7,1,0.0298,0.00322,0.0237,0.0883,0.63,120.059,audio_features,0OBwxFLu6Yj61s2OagYbgY,spotify:track:0OBwxFLu6Yj61s2OagYbgY,https://api.spotify.com/v1/tracks/0OBwxFLu6Yj61s2OagYbgY,https://api.spotify.com/v1/audio-analysis/0OBwxFLu6Yj61s2OagYbgY,241080,4,Terry
89,Donna Lewis,I Love You Always Forever,0.744,0.453,5,-11.977,1,0.0348,0.627,0.421,0.0898,0.122,103.773,audio_features,1PEqh7awkpuepLBSq8ZwqD,spotify:track:1PEqh7awkpuepLBSq8ZwqD,https://api.spotify.com/v1/tracks/1PEqh7awkpuepLBSq8ZwqD,https://api.spotify.com/v1/audio-analysis/1PEqh7awkpuepLBSq8ZwqD,239960,4,Terry
90,James,Laid,0.457,0.909,0,-9.451,1,0.0317,0.0016,0.000276,0.135,0.755,115.998,audio_features,2CdS3DRqWR5LAhy4hM5X9W,spotify:track:2CdS3DRqWR5LAhy4hM5X9W,https://api.spotify.com/v1/tracks/2CdS3DRqWR5LAhy4hM5X9W,https://api.spotify.com/v1/audio-analysis/2CdS3DRqWR5LAhy4hM5X9W,156667,4,Terry
91,LEN,Steal My Sunshine,0.412,0.953,4,-8.103,1,0.533,0.457,0,0.232,0.553,191.718,audio_features,2GRnDQCkcN6BoujfUgywOW,spotify:track:2GRnDQCkcN6BoujfUgywOW,https://api.spotify.com/v1/tracks/2GRnDQCkcN6BoujfUgywOW,https://api.spotify.com/v1/audio-analysis/2GRnDQCkcN6BoujfUgywOW,248467,4,Terry
92,The The,This Is the Day,0.576,0.703,10,-10.913,1,0.0486,0.0237,0.0013,0.0752,0.684,141.567,audio_features,3zf2eLN9Yf8ayZO5cn4Xh5,spotify:track:3zf2eLN9Yf8ayZO5cn4Xh5,https://api.spotify.com/v1/tracks/3zf2eLN9Yf8ayZO5cn4Xh5,https://api.spotify.com/v1/audio-analysis/3zf2eLN9Yf8ayZO5cn4Xh5,296333,4,Terry
93,Eurythmics,Love Is a Stranger,0.775,0.441,5,-15.16,1,0.0308,0.00341,1.55E-06,0.147,0.534,122.085,audio_features,5Arj4zfiBuwd61q9TJ7NSa,spotify:track:5Arj4zfiBuwd61q9TJ7NSa,https://api.spotify.com/v1/tracks/5Arj4zfiBuwd61q9TJ7NSa,https://api.spotify.com/v1/audio-analysis/5Arj4zfiBuwd61q9TJ7NSa,221600,4,Terry
94,Moby,In My Heart,0.557,0.79,4,-10.03,1,0.0291,0.00109,0.0585,0.25,0.172,114.005,audio_features,2rqZhKrPKD4EvnXpu56Kow,spotify:track:2rqZhKrPKD4EvnXpu56Kow,https://api.spotify.com/v1/tracks/2rqZhKrPKD4EvnXpu56Kow,https://api.spotify.com/v1/audio-analysis/2rqZhKrPKD4EvnXpu56Kow,276693,4,Terry
95,U2,Sunday Bloody Sunday,0.343,0.985,6,-3.174,1,0.138,0.409,0.00119,0.0517,0.724,201.057,audio_features,6qa36OkEeQqGaWlOcpjlGD,spotify:track:6qa36OkEeQqGaWlOcpjlGD,https://api.spotify.com/v1/tracks/6qa36OkEeQqGaWlOcpjlGD,https://api.spotify.com/v1/audio-analysis/6qa36OkEeQqGaWlOcpjlGD,279960,4,Terry
96,The Doors,Light My Fire,0.413,0.725,3,-5.787,0,0.0324,0.369,2.16E-05,0.0905,0.44,124.618,audio_features,5uvosCdMlFdTXhoazkTI5R,spotify:track:5uvosCdMlFdTXhoazkTI5R,https://api.spotify.com/v1/tracks/5uvosCdMlFdTXhoazkTI5R,https://api.spotify.com/v1/audio-analysis/5uvosCdMlFdTXhoazkTI5R,429760,4,Terry
97,The Doors,L.A. Woman,0.354,0.731,2,-9.178,1,0.0382,0.0812,0.00124,0.115,0.697,170.633,audio_features,6DmfWj5kOa1fX8AwN9byOn,spotify:track:6DmfWj5kOa1fX8AwN9byOn,https://api.spotify.com/v1/tracks/6DmfWj5kOa1fX8AwN9byOn,https://api.spotify.com/v1/audio-analysis/6DmfWj5kOa1fX8AwN9byOn,471160,4,Terry
98,Green Day,When I Come Around,0.531,0.909,11,-4.236,1,0.034,0.0175,0,0.231,0.814,97.546,audio_features,1Dr1fXbc2IxaK1Mu8P8Khz,spotify:track:1Dr1fXbc2IxaK1Mu8P8Khz,https://api.spotify.com/v1/tracks/1Dr1fXbc2IxaK1Mu8P8Khz,https://api.spotify.com/v1/audio-analysis/1Dr1fXbc2IxaK1Mu8P8Khz,178000,4,Terry
99,Dire Straits,Money For Nothing,0.642,0.766,2,-6.82,0,0.0401,0.0407,0.000103,0.0593,0.593,134.185,audio_features,4bO6DljpuAeQh6HS20i0I5,spotify:track:4bO6DljpuAeQh6HS20i0I5,https://api.spotify.com/v1/tracks/4bO6DljpuAeQh6HS20i0I5,https://api.spotify.com/v1/audio-analysis/4bO6DljpuAeQh6HS20i0I5,504333,4,Terry
100,Blondie,Call Me,0.56,0.825,2,-6.711,0,0.0347,0.000785,0.00246,0.0892,0.74,142.669,audio_features,4qO03RMQm88DdpTJcxlglY,spotify:track:4qO03RMQm88DdpTJcxlglY,https://api.spotify.com/v1/tracks/4qO03RMQm88DdpTJcxlglY,https://api.spotify.com/v1/audio-analysis/4qO03RMQm88DdpTJcxlglY,212600,4,Terry
101,Ed Sheeran,Galway Girl,0.624,0.876,9,-3.374,1,0.1,0.0735,0,0.327,0.781,99.943,audio_features,0afhq8XCExXpqazXczTSve,spotify:track:0afhq8XCExXpqazXczTSve,https://api.spotify.com/v1/tracks/0afhq8XCExXpqazXczTSve,https://api.spotify.com/v1/audio-analysis/0afhq8XCExXpqazXczTSve,170827,4,Terry
102,Kanye West,Jail,0.458,0.571,4,-6.739,1,0.0949,0.535,0.000305,0.0846,0.586,110.013,audio_features,6d8HN8MqqbqrEUI2bvx0aG,spotify:track:6d8HN8MqqbqrEUI2bvx0aG,https://api.spotify.com/v1/tracks/6d8HN8MqqbqrEUI2bvx0aG,https://api.spotify.com/v1/audio-analysis/6d8HN8MqqbqrEUI2bvx0aG,297000,4,Alex
103,Kanye West,Hurricane,0.587,0.561,0,-6.569,1,0.146,0.0466,0,0.109,0.351,80.009,audio_features,6Hfu9sc7jvv6coyy2LlzBF,spotify:track:6Hfu9sc7jvv6coyy2LlzBF,https://api.spotify.com/v1/tracks/6Hfu9sc7jvv6coyy2LlzBF,https://api.spotify.com/v1/audio-analysis/6Hfu9sc7jvv6coyy2LlzBF,243187,4,Alex
104,Kanye West,Praise God,0.798,0.545,1,-6.466,1,0.168,0.00904,9.48E-05,0.258,0.212,118.029,audio_features,0WSEq9Ko4kFPt8yo3ICd6T,spotify:track:0WSEq9Ko4kFPt8yo3ICd6T,https://api.spotify.com/v1/tracks/0WSEq9Ko4kFPt8yo3ICd6T,https://api.spotify.com/v1/audio-analysis/0WSEq9Ko4kFPt8yo3ICd6T,226653,4,Alex
105,Kanye West,Off The Grid,0.546,0.64,8,-5.582,1,0.37,0.0438,0,0.137,0.63,137.728,audio_features,6LNoArVBBVZzUTUiAX2aKO,spotify:track:6LNoArVBBVZzUTUiAX2aKO,https://api.spotify.com/v1/tracks/6LNoArVBBVZzUTUiAX2aKO,https://api.spotify.com/v1/audio-analysis/6LNoArVBBVZzUTUiAX2aKO,339250,4,Alex
106,Kanye West,Ok Ok,0.738,0.471,11,-9.208,0,0.402,0.319,1.28E-06,0.13,0.283,107.98,audio_features,5LuXsO34x6KVlL8OWsxRqk,spotify:track:5LuXsO34x6KVlL8OWsxRqk,https://api.spotify.com/v1/tracks/5LuXsO34x6KVlL8OWsxRqk,https://api.spotify.com/v1/audio-analysis/5LuXsO34x6KVlL8OWsxRqk,204630,5,Alex
107,Kanye West,Pure Souls,0.381,0.528,5,-6.997,1,0.0449,0.102,0,0.269,0.256,97.207,audio_features,5aqUqSq0SqGBAqEn27PEzc,spotify:track:5aqUqSq0SqGBAqEn27PEzc,https://api.spotify.com/v1/tracks/5aqUqSq0SqGBAqEn27PEzc,https://api.spotify.com/v1/audio-analysis/5aqUqSq0SqGBAqEn27PEzc,358622,4,Alex
108,Kanye West,Come to Life,0.44,0.465,3,-6.592,1,0.0318,0.689,1.26E-06,0.384,0.241,126.937,audio_features,5xvXeuxISyXJDRbZZf4uzd,spotify:track:5xvXeuxISyXJDRbZZf4uzd,https://api.spotify.com/v1/tracks/5xvXeuxISyXJDRbZZf4uzd,https://api.spotify.com/v1/audio-analysis/5xvXeuxISyXJDRbZZf4uzd,310394,4,Alex
109,Zion.T,The Song,0.815,0.613,7,-5.009,1,0.0323,0.716,0,0.114,0.46,94.979,audio_features,2jiC29jZ2zaaP5vOR6xa1M,spotify:track:2jiC29jZ2zaaP5vOR6xa1M,https://api.spotify.com/v1/tracks/2jiC29jZ2zaaP5vOR6xa1M,https://api.spotify.com/v1/audio-analysis/2jiC29jZ2zaaP5vOR6xa1M,216627,4,Alex
110,G-DRAGON,"무제(無題) (Untitled, 2014)",0.583,0.461,4,-5.153,1,0.0321,0.785,1.70E-05,0.13,0.263,79.826,audio_features,16BS342F89MDqouSxgLaUK,spotify:track:16BS342F89MDqouSxgLaUK,https://api.spotify.com/v1/tracks/16BS342F89MDqouSxgLaUK,https://api.spotify.com/v1/audio-analysis/16BS342F89MDqouSxgLaUK,222868,4,Alex
111,Zion.T,Sorry,0.819,0.66,4,-4.01,1,0.181,0.635,0,0.175,0.869,97.024,audio_features,33N2tkgwUJ7dB4eCscHpMR,spotify:track:33N2tkgwUJ7dB4eCscHpMR,https://api.spotify.com/v1/tracks/33N2tkgwUJ7dB4eCscHpMR,https://api.spotify.com/v1/audio-analysis/33N2tkgwUJ7dB4eCscHpMR,186192,4,Alex
112,Sigala,Give Me Your Love,0.633,0.947,2,-2.332,1,0.0354,0.00458,3.96E-05,0.341,0.683,124.973,audio_features,1plzDKavZ6EkVk91RPYd1L,spotify:track:1plzDKavZ6EkVk91RPYd1L,https://api.spotify.com/v1/tracks/1plzDKavZ6EkVk91RPYd1L,https://api.spotify.com/v1/audio-analysis/1plzDKavZ6EkVk91RPYd1L,207280,4,Alex
113,HONNE,Me & You ◑,0.769,0.546,0,-8.27,0,0.0387,0.645,0.000231,0.0948,0.603,120.22,audio_features,1ITJTMrS4cx8zdlI7DdSoo,spotify:track:1ITJTMrS4cx8zdlI7DdSoo,https://api.spotify.com/v1/tracks/1ITJTMrS4cx8zdlI7DdSoo,https://api.spotify.com/v1/audio-analysis/1ITJTMrS4cx8zdlI7DdSoo,243601,4,Alex
114,Birds Of Tokyo,Lanterns,0.404,0.654,0,-7.894,1,0.0399,0.246,0.049,0.137,0.312,168.428,audio_features,1w1LOtv2BM2C5pK4LG7SJ6,spotify:track:1w1LOtv2BM2C5pK4LG7SJ6,https://api.spotify.com/v1/tracks/1w1LOtv2BM2C5pK4LG7SJ6,https://api.spotify.com/v1/audio-analysis/1w1LOtv2BM2C5pK4LG7SJ6,262814,4,Alex
115,Olivia Rodrigo,good 4 u,0.562,0.643,9,-5.025,1,0.141,0.297,0,0.0848,0.672,166.814,audio_features,6P4d1NWBCNIYZjzF9k1mVN,spotify:track:6P4d1NWBCNIYZjzF9k1mVN,https://api.spotify.com/v1/tracks/6P4d1NWBCNIYZjzF9k1mVN,https://api.spotify.com/v1/audio-analysis/6P4d1NWBCNIYZjzF9k1mVN,178147,4,Alex
116,Kanye West,All Falls Down,0.646,0.691,8,-5.991,0,0.408,0.194,0,0.637,0.538,90.742,audio_features,0vGsFFCP4Z1GNXpZmSMfhf,spotify:track:0vGsFFCP4Z1GNXpZmSMfhf,https://api.spotify.com/v1/tracks/0vGsFFCP4Z1GNXpZmSMfhf,https://api.spotify.com/v1/audio-analysis/0vGsFFCP4Z1GNXpZmSMfhf,221067,4,Alex
117,Olivia Rodrigo,deja vu,0.442,0.596,9,-7.272,1,0.109,0.584,6.62E-06,0.39,0.166,181.278,audio_features,3ucQ4DLpH8RgyzqYBMnDpj,spotify:track:3ucQ4DLpH8RgyzqYBMnDpj,https://api.spotify.com/v1/tracks/3ucQ4DLpH8RgyzqYBMnDpj,https://api.spotify.com/v1/audio-analysis/3ucQ4DLpH8RgyzqYBMnDpj,215507,4,Alex
118,Kanye West,Through The Wire,0.571,0.739,7,-6.11,1,0.247,0.00865,5.21E-06,0.158,0.66,83.089,audio_features,4mmkhcEm1Ljy1U9nwtsxUo,spotify:track:4mmkhcEm1Ljy1U9nwtsxUo,https://api.spotify.com/v1/tracks/4mmkhcEm1Ljy1U9nwtsxUo,https://api.spotify.com/v1/audio-analysis/4mmkhcEm1Ljy1U9nwtsxUo,221227,4,Alex
119,BTS,Dope,0.595,0.89,10,-3.109,0,0.245,0.0486,0,0.32,0.62,154.071,audio_features,7jPCPDYoiaKeK7cgNGpIzq,spotify:track:7jPCPDYoiaKeK7cgNGpIzq,https://api.spotify.com/v1/tracks/7jPCPDYoiaKeK7cgNGpIzq,https://api.spotify.com/v1/audio-analysis/7jPCPDYoiaKeK7cgNGpIzq,240021,4,Alex
120,BTS,Butter,0.759,0.459,8,-5.187,1,0.0948,0.00323,0,0.0906,0.695,109.997,audio_features,1mWdTewIgB3gtBM3TOSFhB,spotify:track:1mWdTewIgB3gtBM3TOSFhB,https://api.spotify.com/v1/tracks/1mWdTewIgB3gtBM3TOSFhB,https://api.spotify.com/v1/audio-analysis/1mWdTewIgB3gtBM3TOSFhB,164442,4,Alex
121,BTS,Dynamite,0.746,0.765,6,-4.41,0,0.0993,0.0112,0,0.0936,0.737,114.044,audio_features,5QDLhrAOJJdNAmCTJ8xMyW,spotify:track:5QDLhrAOJJdNAmCTJ8xMyW,https://api.spotify.com/v1/tracks/5QDLhrAOJJdNAmCTJ8xMyW,https://api.spotify.com/v1/audio-analysis/5QDLhrAOJJdNAmCTJ8xMyW,199054,4,Alex
122,Kanye West,Remote Control,0.792,0.548,4,-7.079,1,0.082,0.0784,7.26E-05,0.167,0.197,110.105,audio_features,45N9i9QraLWD6GW7xBqxnx,spotify:track:45N9i9QraLWD6GW7xBqxnx,https://api.spotify.com/v1/tracks/45N9i9QraLWD6GW7xBqxnx,https://api.spotify.com/v1/audio-analysis/45N9i9QraLWD6GW7xBqxnx,198614,4,Alex
123,EXO-CBX,Hey Mama!,0.532,0.859,1,-4.106,1,0.142,0.0662,0,0.684,0.934,118.919,audio_features,20bWnhRylVPnTpfsuIzorG,spotify:track:20bWnhRylVPnTpfsuIzorG,https://api.spotify.com/v1/tracks/20bWnhRylVPnTpfsuIzorG,https://api.spotify.com/v1/audio-analysis/20bWnhRylVPnTpfsuIzorG,199796,4,Alex
124,BIGBANG,IF YOU,0.669,0.447,1,-6.271,1,0.0305,0.524,0,0.167,0.17,141.808,audio_features,6jjd5vJtgKwzMtxJeTlLqH,spotify:track:6jjd5vJtgKwzMtxJeTlLqH,https://api.spotify.com/v1/tracks/6jjd5vJtgKwzMtxJeTlLqH,https://api.spotify.com/v1/audio-analysis/6jjd5vJtgKwzMtxJeTlLqH,264281,4,Alex
125,Sigala,Easy Love,0.68,0.942,9,-4.208,1,0.0631,0.175,0.0013,0.117,0.647,123.976,audio_features,5s7xgzXtmY4gMjeSlgisjy,spotify:track:5s7xgzXtmY4gMjeSlgisjy,https://api.spotify.com/v1/tracks/5s7xgzXtmY4gMjeSlgisjy,https://api.spotify.com/v1/audio-analysis/5s7xgzXtmY4gMjeSlgisjy,229813,4,Alex
126,BTS,Permission to Dance,0.702,0.741,9,-5.33,1,0.0427,0.00544,0,0.337,0.646,124.925,audio_features,0LThjFY2iTtNdd4wviwVV2,spotify:track:0LThjFY2iTtNdd4wviwVV2,https://api.spotify.com/v1/tracks/0LThjFY2iTtNdd4wviwVV2,https://api.spotify.com/v1/audio-analysis/0LThjFY2iTtNdd4wviwVV2,187585,4,Alex
127,Olivia Rodrigo,drivers license,0.561,0.431,10,-8.81,1,0.0578,0.768,1.42E-05,0.106,0.137,143.875,audio_features,5wANPM4fQCJwkGd4rN57mH,spotify:track:5wANPM4fQCJwkGd4rN57mH,https://api.spotify.com/v1/tracks/5wANPM4fQCJwkGd4rN57mH,https://api.spotify.com/v1/audio-analysis/5wANPM4fQCJwkGd4rN57mH,242013,4,Alex
128,Olivia Rodrigo,"1 step forward, 3 steps back",0.473,0.203,2,-12.627,1,0.102,0.941,0,0.126,0.419,168.884,audio_features,4wcBRRpIfesgcyUtis7PEg,spotify:track:4wcBRRpIfesgcyUtis7PEg,https://api.spotify.com/v1/tracks/4wcBRRpIfesgcyUtis7PEg,https://api.spotify.com/v1/audio-analysis/4wcBRRpIfesgcyUtis7PEg,163587,4,Alex
129,Justin Bieber,Love Yourself,0.609,0.378,4,-9.828,1,0.438,0.835,0,0.28,0.515,100.418,audio_features,50kpGaPAhYJ3sGmk6vplg0,spotify:track:50kpGaPAhYJ3sGmk6vplg0,https://api.spotify.com/v1/tracks/50kpGaPAhYJ3sGmk6vplg0,https://api.spotify.com/v1/audio-analysis/50kpGaPAhYJ3sGmk6vplg0,233720,4,Alex
130,Khalid,Talk,0.9,0.4,0,-8.443,1,0.124,0.0501,0,0.0876,0.338,136.001,audio_features,0rTV5WefWd1J3OwIheTzxM,spotify:track:0rTV5WefWd1J3OwIheTzxM,https://api.spotify.com/v1/tracks/0rTV5WefWd1J3OwIheTzxM,https://api.spotify.com/v1/audio-analysis/0rTV5WefWd1J3OwIheTzxM,197487,4,Alex
131,Kanye West,Closed On Sunday,0.799,0.291,11,-7.353,0,0.0318,0.873,0.000641,0.139,0.406,97.984,audio_features,3JWiDGQX2eTlFvKj3Yssj3,spotify:track:3JWiDGQX2eTlFvKj3Yssj3,https://api.spotify.com/v1/tracks/3JWiDGQX2eTlFvKj3Yssj3,https://api.spotify.com/v1/audio-analysis/3JWiDGQX2eTlFvKj3Yssj3,151873,4,Alex
132,Kanye West,God Is,0.656,0.637,1,-3.867,1,0.0256,0.34,0,0.187,0.267,105.037,audio_features,6xRWoYwfwIKnT8bQGzKbxR,spotify:track:6xRWoYwfwIKnT8bQGzKbxR,https://api.spotify.com/v1/tracks/6xRWoYwfwIKnT8bQGzKbxR,https://api.spotify.com/v1/audio-analysis/6xRWoYwfwIKnT8bQGzKbxR,203141,4,Alex
133,Rihanna,FourFiveSeconds,0.582,0.272,2,-5.662,1,0.0501,0.875,0,0.13,0.354,205.846,audio_features,78TTtXnFQPzwqlbtbwqN0y,spotify:track:78TTtXnFQPzwqlbtbwqN0y,https://api.spotify.com/v1/tracks/78TTtXnFQPzwqlbtbwqN0y,https://api.spotify.com/v1/audio-analysis/78TTtXnFQPzwqlbtbwqN0y,188238,4,Alex
134,Kanye West,Heartless,0.79,0.647,10,-5.983,0,0.136,0.0515,0,0.248,0.654,87.999,audio_features,4EWCNWgDS8707fNSZ1oaA5,spotify:track:4EWCNWgDS8707fNSZ1oaA5,https://api.spotify.com/v1/tracks/4EWCNWgDS8707fNSZ1oaA5,https://api.spotify.com/v1/audio-analysis/4EWCNWgDS8707fNSZ1oaA5,211000,4,Alex
135,Kanye West,Only One,0.732,0.243,0,-6.023,1,0.0435,0.939,0,0.111,0.106,102.087,audio_features,0j35X8cTq543QDYLOyqB8W,spotify:track:0j35X8cTq543QDYLOyqB8W,https://api.spotify.com/v1/tracks/0j35X8cTq543QDYLOyqB8W,https://api.spotify.com/v1/audio-analysis/0j35X8cTq543QDYLOyqB8W,280227,4,Alex
136,The Beatles,Hey Jude,0.462,0.632,5,-7.438,1,0.0248,0.091,0,0.397,0.585,74.268,audio_features,1eT2CjXwFXNx6oY5ydvzKU,spotify:track:1eT2CjXwFXNx6oY5ydvzKU,https://api.spotify.com/v1/tracks/1eT2CjXwFXNx6oY5ydvzKU,https://api.spotify.com/v1/audio-analysis/1eT2CjXwFXNx6oY5ydvzKU,238854,4,Alex
137,"Earth, Wind & Fire",September,0.697,0.832,9,-7.264,1,0.0298,0.168,0.00131,0.269,0.979,125.926,audio_features,2grjqo0Frpf2okIBiifQKs,spotify:track:2grjqo0Frpf2okIBiifQKs,https://api.spotify.com/v1/tracks/2grjqo0Frpf2okIBiifQKs,https://api.spotify.com/v1/audio-analysis/2grjqo0Frpf2okIBiifQKs,215093,4,Alex
138,Khalid,Young Dumb & Broke,0.799,0.539,1,-6.351,1,0.0421,0.199,1.66E-05,0.165,0.394,136.948,audio_features,5Z3GHaZ6ec9bsiI5BenrbY,spotify:track:5Z3GHaZ6ec9bsiI5BenrbY,https://api.spotify.com/v1/tracks/5Z3GHaZ6ec9bsiI5BenrbY,https://api.spotify.com/v1/audio-analysis/5Z3GHaZ6ec9bsiI5BenrbY,202547,4,Alex
139,Khalid,Better,0.596,0.552,0,-10.278,0,0.097,0.0765,0.334,0.104,0.112,97.949,audio_features,6zeeWid2sgw4lap2jV61PZ,spotify:track:6zeeWid2sgw4lap2jV61PZ,https://api.spotify.com/v1/tracks/6zeeWid2sgw4lap2jV61PZ,https://api.spotify.com/v1/audio-analysis/6zeeWid2sgw4lap2jV61PZ,229320,4,Alex
140,John Newman,Love Me Again,0.495,0.894,2,-4.814,0,0.0441,0.00453,0.000596,0.103,0.213,126.03,audio_features,5TbzAWWc5eJaANpA9kfGCd,spotify:track:5TbzAWWc5eJaANpA9kfGCd,https://api.spotify.com/v1/tracks/5TbzAWWc5eJaANpA9kfGCd,https://api.spotify.com/v1/audio-analysis/5TbzAWWc5eJaANpA9kfGCd,239894,4,Alex
141,Daniel Caesar,Streetcar,0.41,0.298,3,-11.796,1,0.0473,0.721,0,0.158,0.142,109.651,audio_features,7Cu2COdH93MnuireuKNiS3,spotify:track:7Cu2COdH93MnuireuKNiS3,https://api.spotify.com/v1/tracks/7Cu2COdH93MnuireuKNiS3,https://api.spotify.com/v1/audio-analysis/7Cu2COdH93MnuireuKNiS3,246972,3,Alex
142,Daniel Caesar,Best Part (feat. H.E.R.),0.473,0.371,4,-10.219,0,0.0405,0.793,0,0.109,0.413,75.205,audio_features,4OBZT9EnhYIV17t4pGw7ig,spotify:track:4OBZT9EnhYIV17t4pGw7ig,https://api.spotify.com/v1/tracks/4OBZT9EnhYIV17t4pGw7ig,https://api.spotify.com/v1/audio-analysis/4OBZT9EnhYIV17t4pGw7ig,209400,4,Alex
143,Zion.T,Hello Tutorial,0.739,0.348,0,-7.477,1,0.0613,0.675,0,0.326,0.498,98.047,audio_features,36UcoqH2P24RtSGbLKLK3w,spotify:track:36UcoqH2P24RtSGbLKLK3w,https://api.spotify.com/v1/tracks/36UcoqH2P24RtSGbLKLK3w,https://api.spotify.com/v1/audio-analysis/36UcoqH2P24RtSGbLKLK3w,202343,4,Alex
144,Stevie Wonder,"Signed, Sealed, Delivered (I'm Yours)",0.675,0.597,5,-11.329,1,0.0337,0.0534,0,0.0986,0.828,108.875,audio_features,2eF8pWbiivYsYRpbntYsnc,spotify:track:2eF8pWbiivYsYRpbntYsnc,https://api.spotify.com/v1/tracks/2eF8pWbiivYsYRpbntYsnc,https://api.spotify.com/v1/audio-analysis/2eF8pWbiivYsYRpbntYsnc,161160,4,Alex
145,Olivia Rodrigo,traitor,0.38,0.339,3,-7.885,1,0.0338,0.691,0,0.12,0.0849,100.607,audio_features,5CZ40GBx1sQ9agT82CLQCT,spotify:track:5CZ40GBx1sQ9agT82CLQCT,https://api.spotify.com/v1/tracks/5CZ40GBx1sQ9agT82CLQCT,https://api.spotify.com/v1/audio-analysis/5CZ40GBx1sQ9agT82CLQCT,229227,4,Alex
146,Bruno Mars,Grenade - Acoustic,0.639,0.393,2,-6.314,0,0.0309,0.819,0,0.0891,0.363,97.917,audio_features,7Cj2tT0m2SBeIO1PsGfk8A,spotify:track:7Cj2tT0m2SBeIO1PsGfk8A,https://api.spotify.com/v1/tracks/7Cj2tT0m2SBeIO1PsGfk8A,https://api.spotify.com/v1/audio-analysis/7Cj2tT0m2SBeIO1PsGfk8A,249535,4,Alex
147,Bruno Mars,Just the Way You Are,0.635,0.841,5,-5.379,1,0.0422,0.0134,0,0.0622,0.424,109.021,audio_features,7BqBn9nzAq8spo5e7cZ0dJ,spotify:track:7BqBn9nzAq8spo5e7cZ0dJ,https://api.spotify.com/v1/tracks/7BqBn9nzAq8spo5e7cZ0dJ,https://api.spotify.com/v1/audio-analysis/7BqBn9nzAq8spo5e7cZ0dJ,220734,4,Alex
148,Daniel Caesar,Blessed,0.448,0.263,11,-11.98,1,0.0373,0.824,1.91E-06,0.106,0.451,109.889,audio_features,0KyzXQhY2yzcb1FYCHkZc2,spotify:track:0KyzXQhY2yzcb1FYCHkZc2,https://api.spotify.com/v1/tracks/0KyzXQhY2yzcb1FYCHkZc2,https://api.spotify.com/v1/audio-analysis/0KyzXQhY2yzcb1FYCHkZc2,241371,1,Alex
149,Daniel Caesar,LOVE AGAIN,0.553,0.441,5,-6.411,1,0.0918,0.41,2.57E-06,0.107,0.525,76.988,audio_features,2fhePAlCSsJplwkjqMYpVm,spotify:track:2fhePAlCSsJplwkjqMYpVm,https://api.spotify.com/v1/tracks/2fhePAlCSsJplwkjqMYpVm,https://api.spotify.com/v1/audio-analysis/2fhePAlCSsJplwkjqMYpVm,214278,4,Alex
150,Justin Bieber,Intentions - Acoustic,0.711,0.411,9,-6.657,1,0.035,0.594,0,0.0903,0.791,73.997,audio_features,6VkmdRz8YgHFQV3ZNTJAWU,spotify:track:6VkmdRz8YgHFQV3ZNTJAWU,https://api.spotify.com/v1/tracks/6VkmdRz8YgHFQV3ZNTJAWU,https://api.spotify.com/v1/audio-analysis/6VkmdRz8YgHFQV3ZNTJAWU,160612,4,Alex
151,The Jackson 5,I Want You Back,0.469,0.538,8,-13.559,1,0.0571,0.305,0.00012,0.37,0.886,196.605,audio_features,5LxvwujISqiB8vpRYv887S,spotify:track:5LxvwujISqiB8vpRYv887S,https://api.spotify.com/v1/tracks/5LxvwujISqiB8vpRYv887S,https://api.spotify.com/v1/audio-analysis/5LxvwujISqiB8vpRYv887S,176333,4,Alex
152,ABBA,Dancing Queen,0.543,0.87,9,-6.514,1,0.0428,0.358,0.000939,0.792,0.754,100.804,audio_features,0GjEhVFGZW8afUYGChu3Rr,spotify:track:0GjEhVFGZW8afUYGChu3Rr,https://api.spotify.com/v1/tracks/0GjEhVFGZW8afUYGChu3Rr,https://api.spotify.com/v1/audio-analysis/0GjEhVFGZW8afUYGChu3Rr,230400,4,Alex
153,Journey,Don't Stop Believin',0.5,0.748,4,-9.072,1,0.0363,0.127,0,0.447,0.514,118.852,audio_features,4bHsxqR3GMrXTxEPLuK5ue,spotify:track:4bHsxqR3GMrXTxEPLuK5ue,https://api.spotify.com/v1/tracks/4bHsxqR3GMrXTxEPLuK5ue,https://api.spotify.com/v1/audio-analysis/4bHsxqR3GMrXTxEPLuK5ue,250987,4,Alex
154,Rascal Flatts,Life is a Highway,0.562,0.934,5,-5.562,1,0.0607,0.00211,0,0.199,0.558,103.042,audio_features,5gB2IrxOCX2j9bMnHKP38i,spotify:track:5gB2IrxOCX2j9bMnHKP38i,https://api.spotify.com/v1/tracks/5gB2IrxOCX2j9bMnHKP38i,https://api.spotify.com/v1/audio-analysis/5gB2IrxOCX2j9bMnHKP38i,275640,4,Alex
155,The White Stripes,Seven Nation Army,0.743,0.446,4,-7.807,0,0.0683,0.0039,0.118,0.337,0.278,123.596,audio_features,3dPQuX8Gs42Y7b454ybpMR,spotify:track:3dPQuX8Gs42Y7b454ybpMR,https://api.spotify.com/v1/tracks/3dPQuX8Gs42Y7b454ybpMR,https://api.spotify.com/v1/audio-analysis/3dPQuX8Gs42Y7b454ybpMR,232107,4,Alex
156,HONNE,Day 1 ◑,0.503,0.581,6,-7.007,1,0.0881,0.21,0.000708,0.257,0.633,94.555,audio_features,6ZzYETKetIfNUsZUb23jgG,spotify:track:6ZzYETKetIfNUsZUb23jgG,https://api.spotify.com/v1/tracks/6ZzYETKetIfNUsZUb23jgG,https://api.spotify.com/v1/audio-analysis/6ZzYETKetIfNUsZUb23jgG,233601,4,Alex
157,Jonas Blue,Mama - Acoustic,0.564,0.364,10,-5.845,0,0.0631,0.759,0,0.0839,0.591,86.538,audio_features,3VOtM6x5KXZuxSzHaaf9oO,spotify:track:3VOtM6x5KXZuxSzHaaf9oO,https://api.spotify.com/v1/tracks/3VOtM6x5KXZuxSzHaaf9oO,https://api.spotify.com/v1/audio-analysis/3VOtM6x5KXZuxSzHaaf9oO,192277,4,Ryan
158,Jooyoung,Same as you,0.701,0.519,1,-6.382,1,0.0516,0.314,0,0.207,0.498,89.977,audio_features,0wpskpgrWHEDWjPgkddspN,spotify:track:0wpskpgrWHEDWjPgkddspN,https://api.spotify.com/v1/tracks/0wpskpgrWHEDWjPgkddspN,https://api.spotify.com/v1/audio-analysis/0wpskpgrWHEDWjPgkddspN,223044,4,Ryan
159,Nightwish,The Poet And The Pendulum,0.309,0.74,7,-5.917,0,0.0456,0.00854,0.0258,0.119,0.166,144.861,audio_features,2XD4JzbZWRuRKzzCi5Cocm,spotify:track:2XD4JzbZWRuRKzzCi5Cocm,https://api.spotify.com/v1/tracks/2XD4JzbZWRuRKzzCi5Cocm,https://api.spotify.com/v1/audio-analysis/2XD4JzbZWRuRKzzCi5Cocm,834720,4,Ryan
160,Ed Sheeran,Afire Love,0.552,0.637,5,-6.568,1,0.0445,0.464,1.63E-05,0.136,0.333,97.97,audio_features,12B0Twa9kRz45Xw2PgXHJm,spotify:track:12B0Twa9kRz45Xw2PgXHJm,https://api.spotify.com/v1/tracks/12B0Twa9kRz45Xw2PgXHJm,https://api.spotify.com/v1/audio-analysis/12B0Twa9kRz45Xw2PgXHJm,314280,4,Ryan
161,Linkin Park,Given Up,0.655,0.885,7,-4.116,1,0.0438,0.00117,0.000473,0.0448,0.938,100.088,audio_features,1fLlRApgzxWweF1JTf8yM5,spotify:track:1fLlRApgzxWweF1JTf8yM5,https://api.spotify.com/v1/tracks/1fLlRApgzxWweF1JTf8yM5,https://api.spotify.com/v1/audio-analysis/1fLlRApgzxWweF1JTf8yM5,189293,4,Ryan
162,He Is We,All About Us,0.564,0.534,4,-6.05,1,0.0238,0.28,0,0.121,0.409,85.964,audio_features,2185NMvk68x92ygV1iP89F,spotify:track:2185NMvk68x92ygV1iP89F,https://api.spotify.com/v1/tracks/2185NMvk68x92ygV1iP89F,https://api.spotify.com/v1/audio-analysis/2185NMvk68x92ygV1iP89F,206533,4,Ryan
163,Ed Sheeran,Take It Back,0.754,0.613,5,-6.342,1,0.229,0.318,0,0.335,0.904,113.196,audio_features,2dmOWlEHrP266Qgz6wnUrd,spotify:track:2dmOWlEHrP266Qgz6wnUrd,https://api.spotify.com/v1/tracks/2dmOWlEHrP266Qgz6wnUrd,https://api.spotify.com/v1/audio-analysis/2dmOWlEHrP266Qgz6wnUrd,208400,4,Ryan
164,Defqwop,Heart Afire,0.414,0.708,0,-4.181,0,0.0912,0.0316,0,0.0623,0.392,199.9,audio_features,0JQjr0kpluPAuskMPHjqh3,spotify:track:0JQjr0kpluPAuskMPHjqh3,https://api.spotify.com/v1/tracks/0JQjr0kpluPAuskMPHjqh3,https://api.spotify.com/v1/audio-analysis/0JQjr0kpluPAuskMPHjqh3,240039,4,Ryan
165,SEVENTEEN,Mansae,0.749,0.955,7,-1.767,1,0.0867,0.0547,0,0.112,0.761,111.96,audio_features,5rIsrawNyPv1q8v11iwJsh,spotify:track:5rIsrawNyPv1q8v11iwJsh,https://api.spotify.com/v1/tracks/5rIsrawNyPv1q8v11iwJsh,https://api.spotify.com/v1/audio-analysis/5rIsrawNyPv1q8v11iwJsh,186875,4,Ryan
166,Nightwish,End Of All Hope,0.477,0.946,5,-6.734,1,0.0423,6.14E-05,0.0271,0.333,0.563,79.948,audio_features,3vm2YWzVKrIaWXZcmEIFdP,spotify:track:3vm2YWzVKrIaWXZcmEIFdP,https://api.spotify.com/v1/tracks/3vm2YWzVKrIaWXZcmEIFdP,https://api.spotify.com/v1/audio-analysis/3vm2YWzVKrIaWXZcmEIFdP,233800,4,Ryan
167,Within Temptation,Angels,0.493,0.865,7,-4.71,0,0.0357,0.286,0,0.152,0.192,90.979,audio_features,50A75OZiqGkRdF904sRQXg,spotify:track:50A75OZiqGkRdF904sRQXg,https://api.spotify.com/v1/tracks/50A75OZiqGkRdF904sRQXg,https://api.spotify.com/v1/audio-analysis/50A75OZiqGkRdF904sRQXg,242440,4,Ryan
168,John Mayer,Slow Dancing in a Burning Room,0.667,0.361,1,-8.69,0,0.0273,0.575,0.00506,0.0805,0.29,134.018,audio_features,2jdAk8ATWIL3dwT47XpRfu,spotify:track:2jdAk8ATWIL3dwT47XpRfu,https://api.spotify.com/v1/tracks/2jdAk8ATWIL3dwT47XpRfu,https://api.spotify.com/v1/audio-analysis/2jdAk8ATWIL3dwT47XpRfu,242000,5,Ryan
169,Porcelain Black,One Woman Army,0.592,0.842,1,-6.421,0,0.11,0.0661,0,0.313,0.708,121.077,audio_features,6SUHMSU9EBORT2fskEirQE,spotify:track:6SUHMSU9EBORT2fskEirQE,https://api.spotify.com/v1/tracks/6SUHMSU9EBORT2fskEirQE,https://api.spotify.com/v1/audio-analysis/6SUHMSU9EBORT2fskEirQE,216756,4,Ryan
170,Children Of Bodom,Oops!...I Did It Again,0.624,0.857,0,-4.444,1,0.0585,0.00185,0.00358,0.245,0.435,104.977,audio_features,22sZ8JkpfLH5a2nH05Wk8x,spotify:track:22sZ8JkpfLH5a2nH05Wk8x,https://api.spotify.com/v1/tracks/22sZ8JkpfLH5a2nH05Wk8x,https://api.spotify.com/v1/audio-analysis/22sZ8JkpfLH5a2nH05Wk8x,200880,4,Ryan
171,Gallant,Weight in Gold,0.38,0.438,5,-5.526,0,0.0962,0.0259,1.29E-05,0.154,0.349,179.404,audio_features,1gXBi2I04CLJkTQnhNfEJT,spotify:track:1gXBi2I04CLJkTQnhNfEJT,https://api.spotify.com/v1/tracks/1gXBi2I04CLJkTQnhNfEJT,https://api.spotify.com/v1/audio-analysis/1gXBi2I04CLJkTQnhNfEJT,203813,3,Ryan
172,Gallant,Talking to Myself,0.628,0.485,0,-6.02,1,0.0733,0.0101,3.79E-06,0.113,0.54,119.879,audio_features,5ivOiIOSkypt3P1jqjlmcf,spotify:track:5ivOiIOSkypt3P1jqjlmcf,https://api.spotify.com/v1/tracks/5ivOiIOSkypt3P1jqjlmcf,https://api.spotify.com/v1/audio-analysis/5ivOiIOSkypt3P1jqjlmcf,237560,4,Ryan
173,Children Of Bodom,Downfall,0.439,0.951,3,-3.69,1,0.0569,0.00116,0.899,0.0926,0.247,99.533,audio_features,0GPErTOWivSx5biNCbw4OL,spotify:track:0GPErTOWivSx5biNCbw4OL,https://api.spotify.com/v1/tracks/0GPErTOWivSx5biNCbw4OL,https://api.spotify.com/v1/audio-analysis/0GPErTOWivSx5biNCbw4OL,280547,4,Ryan
174,Children Of Bodom,Bed Of Razors,0.394,0.971,2,-3.104,0,0.0588,0.00115,0.54,0.165,0.335,138.702,audio_features,0TuQ4wmBzjFFewYkYv3Cdx,spotify:track:0TuQ4wmBzjFFewYkYv3Cdx,https://api.spotify.com/v1/tracks/0TuQ4wmBzjFFewYkYv3Cdx,https://api.spotify.com/v1/audio-analysis/0TuQ4wmBzjFFewYkYv3Cdx,235867,4,Ryan
175,Within Temptation,Hand of Sorrow,0.502,0.954,5,-3.86,0,0.111,0.0223,0.000186,0.135,0.199,126.934,audio_features,61i8W3gHpGUAIDlQj5UUAE,spotify:track:61i8W3gHpGUAIDlQj5UUAE,https://api.spotify.com/v1/tracks/61i8W3gHpGUAIDlQj5UUAE,https://api.spotify.com/v1/audio-analysis/61i8W3gHpGUAIDlQj5UUAE,335680,4,Ryan
176,Within Temptation,Angels,0.341,0.867,7,-4.727,0,0.0492,0.293,0,0.257,0.2,182.023,audio_features,3TEwbiC0GhIRStn3Eabtu7,spotify:track:3TEwbiC0GhIRStn3Eabtu7,https://api.spotify.com/v1/tracks/3TEwbiC0GhIRStn3Eabtu7,https://api.spotify.com/v1/audio-analysis/3TEwbiC0GhIRStn3Eabtu7,240440,4,Ryan
177,Mr. Talkbox,Funkadelic Sound,0.79,0.718,9,-3.207,0,0.0562,0.0647,1.01E-05,0.381,0.869,129.117,audio_features,6EqhL2LqkxKvl238nvt3rK,spotify:track:6EqhL2LqkxKvl238nvt3rK,https://api.spotify.com/v1/tracks/6EqhL2LqkxKvl238nvt3rK,https://api.spotify.com/v1/audio-analysis/6EqhL2LqkxKvl238nvt3rK,202176,4,Ryan
178,Within Temptation,A Dangerous Mind,0.365,0.894,6,-5.491,0,0.0728,0.0711,0.000378,0.135,0.476,180.212,audio_features,58HW5SrzfLyjKPYPRjAKwr,spotify:track:58HW5SrzfLyjKPYPRjAKwr,https://api.spotify.com/v1/tracks/58HW5SrzfLyjKPYPRjAKwr,https://api.spotify.com/v1/audio-analysis/58HW5SrzfLyjKPYPRjAKwr,256533,4,Ryan
179,Ed Sheeran,Perfect,0.599,0.448,8,-6.312,1,0.0232,0.163,0,0.106,0.168,95.05,audio_features,0tgVpDi06FyKpA1z0VMD4v,spotify:track:0tgVpDi06FyKpA1z0VMD4v,https://api.spotify.com/v1/tracks/0tgVpDi06FyKpA1z0VMD4v,https://api.spotify.com/v1/audio-analysis/0tgVpDi06FyKpA1z0VMD4v,263400,3,Ryan
180,James Arthur,Say You Won't Let Go,0.358,0.557,10,-7.398,1,0.059,0.695,0,0.0902,0.494,85.043,audio_features,5uCax9HTNlzGybIStD3vDh,spotify:track:5uCax9HTNlzGybIStD3vDh,https://api.spotify.com/v1/tracks/5uCax9HTNlzGybIStD3vDh,https://api.spotify.com/v1/audio-analysis/5uCax9HTNlzGybIStD3vDh,211467,4,Ryan
181,Celldweller,Louder Than Words,0.534,0.959,1,-2.518,1,0.0462,0.000205,0.000127,0.121,0.597,130.011,audio_features,0Esegmv4pECg8P3PdTOEt5,spotify:track:0Esegmv4pECg8P3PdTOEt5,https://api.spotify.com/v1/tracks/0Esegmv4pECg8P3PdTOEt5,https://api.spotify.com/v1/audio-analysis/0Esegmv4pECg8P3PdTOEt5,277904,4,Ryan
182,Varien,Valkyrie,0.43,0.663,10,-6.189,0,0.0326,0.0172,0.000202,0.121,0.177,173.973,audio_features,0L7vlrUbYlt9aBJ4FEanKu,spotify:track:0L7vlrUbYlt9aBJ4FEanKu,https://api.spotify.com/v1/tracks/0L7vlrUbYlt9aBJ4FEanKu,https://api.spotify.com/v1/audio-analysis/0L7vlrUbYlt9aBJ4FEanKu,207981,4,Ryan
183,Varien,Moonlight,0.536,0.9,8,-4.595,0,0.0585,0.0352,0.0181,0.103,0.186,140.076,audio_features,0vh5Kpmq57z098W1aVt9qp,spotify:track:0vh5Kpmq57z098W1aVt9qp,https://api.spotify.com/v1/tracks/0vh5Kpmq57z098W1aVt9qp,https://api.spotify.com/v1/audio-analysis/0vh5Kpmq57z098W1aVt9qp,240239,4,Ryan
184,Au5,Freefall,0.51,0.858,1,-5.369,1,0.22,0.00575,0.00337,0.0951,0.291,134.031,audio_features,200swjCE9IjVOeDwTVmJIj,spotify:track:200swjCE9IjVOeDwTVmJIj,https://api.spotify.com/v1/tracks/200swjCE9IjVOeDwTVmJIj,https://api.spotify.com/v1/audio-analysis/200swjCE9IjVOeDwTVmJIj,338507,4,Ryan
185,Rachie,Ghost City Tokyo,0.699,0.984,5,-3.075,0,0.0547,0.0255,1.09E-05,0.237,0.785,124.007,audio_features,2LgXAdCieyTv5xCwTlHGM8,spotify:track:2LgXAdCieyTv5xCwTlHGM8,https://api.spotify.com/v1/tracks/2LgXAdCieyTv5xCwTlHGM8,https://api.spotify.com/v1/audio-analysis/2LgXAdCieyTv5xCwTlHGM8,207097,4,Ryan
186,Bruno Major,Nothing,0.555,0.27,2,-15.892,1,0.0884,0.931,0.536,0.103,0.274,139.691,audio_features,2IAR0DziHCjSu16gR4ihvy,spotify:track:2IAR0DziHCjSu16gR4ihvy,https://api.spotify.com/v1/tracks/2IAR0DziHCjSu16gR4ihvy,https://api.spotify.com/v1/audio-analysis/2IAR0DziHCjSu16gR4ihvy,162797,3,Ryan
187,La Roux,In For The Kill - Skrillex Remix,0.487,0.689,8,-5.624,0,0.0837,0.0641,1.50E-05,0.349,0.493,144.97,audio_features,3JqCKPvNSNccj9KqXqKA2F,spotify:track:3JqCKPvNSNccj9KqXqKA2F,https://api.spotify.com/v1/tracks/3JqCKPvNSNccj9KqXqKA2F,https://api.spotify.com/v1/audio-analysis/3JqCKPvNSNccj9KqXqKA2F,311147,4,Ryan
188,MAX,Checklist (feat. Chromeo),0.791,0.792,7,-4.023,0,0.0349,0.0709,0,0.196,0.873,123.059,audio_features,3rT0YIyiE1n8JAUpBCUudE,spotify:track:3rT0YIyiE1n8JAUpBCUudE,https://api.spotify.com/v1/tracks/3rT0YIyiE1n8JAUpBCUudE,https://api.spotify.com/v1/audio-analysis/3rT0YIyiE1n8JAUpBCUudE,135181,4,Ryan
189,DJ Pablo,One B-Boy,0.739,0.804,7,-8.63,1,0.124,0.0204,0.748,0.115,0.595,126.02,audio_features,0MSURNjdjwttLHnVpBop95,spotify:track:0MSURNjdjwttLHnVpBop95,https://api.spotify.com/v1/tracks/0MSURNjdjwttLHnVpBop95,https://api.spotify.com/v1/audio-analysis/0MSURNjdjwttLHnVpBop95,196258,4,Ryan
190,YOASOBI,夜に駆ける,0.67,0.874,8,-5.221,1,0.0305,0.00231,1.72E-05,0.3,0.789,130.041,audio_features,3dPtXHP0oXQ4HCWHsOA9js,spotify:track:3dPtXHP0oXQ4HCWHsOA9js,https://api.spotify.com/v1/tracks/3dPtXHP0oXQ4HCWHsOA9js,https://api.spotify.com/v1/audio-analysis/3dPtXHP0oXQ4HCWHsOA9js,261013,4,Ryan
191,Calum Scott,You Are The Reason - Duet Version,0.377,0.33,10,-8.687,1,0.0307,0.412,0,0.15,0.148,171.39,audio_features,2RKbu8lkD0IifqLRfpEQUR,spotify:track:2RKbu8lkD0IifqLRfpEQUR,https://api.spotify.com/v1/tracks/2RKbu8lkD0IifqLRfpEQUR,https://api.spotify.com/v1/audio-analysis/2RKbu8lkD0IifqLRfpEQUR,190300,3,Ryan
192,Chris Brown,Turn Up the Music,0.594,0.841,1,-5.792,1,0.102,0.000238,2.22E-06,0.156,0.643,129.925,audio_features,0UlHiqi7seV02XNHLMtfGK,spotify:track:0UlHiqi7seV02XNHLMtfGK,https://api.spotify.com/v1/tracks/0UlHiqi7seV02XNHLMtfGK,https://api.spotify.com/v1/audio-analysis/0UlHiqi7seV02XNHLMtfGK,227973,4,Ryan
193,FalKKonE,"Tsuna Awakens (From ""Katekyō Hitman Reborn!"")",0.338,0.949,5,-4.784,1,0.0661,5.53E-05,0.904,0.279,0.165,101.968,audio_features,28pSNVwfHQ9x8LrEl6WucI,spotify:track:28pSNVwfHQ9x8LrEl6WucI,https://api.spotify.com/v1/tracks/28pSNVwfHQ9x8LrEl6WucI,https://api.spotify.com/v1/audio-analysis/28pSNVwfHQ9x8LrEl6WucI,284718,4,Ryan
194,Shane Filan,Beautiful In White,0.553,0.383,0,-6.161,1,0.0245,0.383,0,0.129,0.265,75.987,audio_features,0lUdYoSr8Hm3GL0HZld4ac,spotify:track:0lUdYoSr8Hm3GL0HZld4ac,https://api.spotify.com/v1/tracks/0lUdYoSr8Hm3GL0HZld4ac,https://api.spotify.com/v1/audio-analysis/0lUdYoSr8Hm3GL0HZld4ac,232040,4,Ryan
195,The Prodigy,Invaders Must Die,0.606,0.9,6,-5.168,1,0.0547,0.000508,0.901,0.112,0.115,140.035,audio_features,3KAcuBkWEGd4hOKFRg98WC,spotify:track:3KAcuBkWEGd4hOKFRg98WC,https://api.spotify.com/v1/tracks/3KAcuBkWEGd4hOKFRg98WC,https://api.spotify.com/v1/audio-analysis/3KAcuBkWEGd4hOKFRg98WC,295027,4,Ryan
196,Usher,Scream,0.616,0.862,7,-5.18,0,0.0973,0.00117,0,0.179,0.569,127.992,audio_features,12eMQUn2GzfsfsQLH53M19,spotify:track:12eMQUn2GzfsfsQLH53M19,https://api.spotify.com/v1/tracks/12eMQUn2GzfsfsQLH53M19,https://api.spotify.com/v1/audio-analysis/12eMQUn2GzfsfsQLH53M19,234693,4,Ryan
197,Rixton,Me And My Broken Heart,0.545,0.783,5,-4.261,0,0.0345,0.00489,0,0.132,0.551,174.084,audio_features,1oew3nFNY3vMacJAsvry0S,spotify:track:1oew3nFNY3vMacJAsvry0S,https://api.spotify.com/v1/tracks/1oew3nFNY3vMacJAsvry0S,https://api.spotify.com/v1/audio-analysis/1oew3nFNY3vMacJAsvry0S,193733,4,Ryan
198,AKMU,Be With You,0.747,0.827,1,-2.944,0,0.0421,0.173,0,0.0949,0.403,104.017,audio_features,7IRZ9aTBu35je2AHT2LxvL,spotify:track:7IRZ9aTBu35je2AHT2LxvL,https://api.spotify.com/v1/tracks/7IRZ9aTBu35je2AHT2LxvL,https://api.spotify.com/v1/audio-analysis/7IRZ9aTBu35je2AHT2LxvL,186749,4,Ryan
199,Rage Against The Machine,Renegades Of Funk,0.651,0.908,2,-4.019,1,0.0577,0.00184,0.000579,0.384,0.769,123.851,audio_features,5YBVDvTSSSiqv7KZDeUlXA,spotify:track:5YBVDvTSSSiqv7KZDeUlXA,https://api.spotify.com/v1/tracks/5YBVDvTSSSiqv7KZDeUlXA,https://api.spotify.com/v1/audio-analysis/5YBVDvTSSSiqv7KZDeUlXA,274160,4,Ryan
200,Little Mix,Secret Love Song (feat. Jason Derulo),0.539,0.643,9,-3.982,1,0.0479,0.256,0,0.29,0.136,92.962,audio_features,4JIo8RztBbELr2gWJ5OGK6,spotify:track:4JIo8RztBbELr2gWJ5OGK6,https://api.spotify.com/v1/tracks/4JIo8RztBbELr2gWJ5OGK6,https://api.spotify.com/v1/audio-analysis/4JIo8RztBbELr2gWJ5OGK6,249813,4,Ryan
201,DAY6,Time of Our Life,0.512,0.976,8,-2.762,1,0.0552,0.00483,0,0.222,0.719,174.988,audio_features,21BoUOSvHlXgcEhiA4T1nA,spotify:track:21BoUOSvHlXgcEhiA4T1nA,https://api.spotify.com/v1/tracks/21BoUOSvHlXgcEhiA4T1nA,https://api.spotify.com/v1/audio-analysis/21BoUOSvHlXgcEhiA4T1nA,205576,4,Ryan
202,LeeHi,NO ONE,0.745,0.613,11,-5.368,0,0.0427,0.226,0,0.0664,0.542,91.997,audio_features,0lhZsFfTpITnjK5q8lrDLR,spotify:track:0lhZsFfTpITnjK5q8lrDLR,https://api.spotify.com/v1/tracks/0lhZsFfTpITnjK5q8lrDLR,https://api.spotify.com/v1/audio-analysis/0lhZsFfTpITnjK5q8lrDLR,194596,4,Ryan
203,Celldweller,Birthright,0.31,0.916,5,-3.107,0,0.0515,0.00258,0.000108,0.485,0.534,89.989,audio_features,6aWBxaPxqzk1cuIQuSte4I,spotify:track:6aWBxaPxqzk1cuIQuSte4I,https://api.spotify.com/v1/tracks/6aWBxaPxqzk1cuIQuSte4I,https://api.spotify.com/v1/audio-analysis/6aWBxaPxqzk1cuIQuSte4I,315187,4,Ryan
204,Blue,All Rise,0.721,0.737,5,-2.734,0,0.0324,0.121,0,0.165,0.931,97.996,audio_features,7jley98gCQFueQ5MCaFWIb,spotify:track:7jley98gCQFueQ5MCaFWIb,https://api.spotify.com/v1/tracks/7jley98gCQFueQ5MCaFWIb,https://api.spotify.com/v1/audio-analysis/7jley98gCQFueQ5MCaFWIb,223547,4,Ryan
205,Park Kyung,Ordinary Love,0.739,0.706,9,-6.534,1,0.152,0.219,0,0.132,0.559,144.111,audio_features,1enx9LPZrXxaVVBxas5rRm,spotify:track:1enx9LPZrXxaVVBxas5rRm,https://api.spotify.com/v1/tracks/1enx9LPZrXxaVVBxas5rRm,https://api.spotify.com/v1/audio-analysis/1enx9LPZrXxaVVBxas5rRm,232867,4,Ryan
206,Yang Da Il,Loveagain (feat. Solar),0.474,0.494,2,-5.621,0,0.0644,0.549,0,0.124,0.64,179.667,audio_features,3yGfSObD0c7fAoE2ouXKAI,spotify:track:3yGfSObD0c7fAoE2ouXKAI,https://api.spotify.com/v1/tracks/3yGfSObD0c7fAoE2ouXKAI,https://api.spotify.com/v1/audio-analysis/3yGfSObD0c7fAoE2ouXKAI,226815,3,Ryan
207,Måneskin,Beggin',0.714,0.8,11,-4.808,0,0.0504,0.127,0,0.359,0.589,134.002,audio_features,3Wrjm47oTz2sjIgck11l5e,spotify:track:3Wrjm47oTz2sjIgck11l5e,https://api.spotify.com/v1/tracks/3Wrjm47oTz2sjIgck11l5e,https://api.spotify.com/v1/audio-analysis/3Wrjm47oTz2sjIgck11l5e,211560,4,Abdul
208,Tayc,N'y pense plus,0.556,0.633,2,-7.381,0,0.27,0.444,0,0.0744,0.45,93.329,audio_features,5KCH6zWcx5qUYbmp0uaaE7,spotify:track:5KCH6zWcx5qUYbmp0uaaE7,https://api.spotify.com/v1/tracks/5KCH6zWcx5qUYbmp0uaaE7,https://api.spotify.com/v1/audio-analysis/5KCH6zWcx5qUYbmp0uaaE7,212007,4,Abdul
209,Pop Smoke,Armed N Dangerous - Charlie Sloth Freestyle,0.754,0.724,8,-7.282,0,0.103,0.539,0.0326,0.112,0.655,143.548,audio_features,18bum1uNxoHQ8WwbOlMY9Z,spotify:track:18bum1uNxoHQ8WwbOlMY9Z,https://api.spotify.com/v1/tracks/18bum1uNxoHQ8WwbOlMY9Z,https://api.spotify.com/v1/audio-analysis/18bum1uNxoHQ8WwbOlMY9Z,146720,4,Abdul
210,Pop Smoke,Element,0.772,0.878,2,-4.22,1,0.324,0.0301,0.00000218,0.251,0.305,61.311,audio_features,57BGVV6wcyhbn3hsjlqEZB,spotify:track:57BGVV6wcyhbn3hsjlqEZB,https://api.spotify.com/v1/tracks/57BGVV6wcyhbn3hsjlqEZB,https://api.spotify.com/v1/audio-analysis/57BGVV6wcyhbn3hsjlqEZB,135747,5,Abdul
211,Travis Scott,FRANCHISE (feat. Young Thug & M.I.A.),0.835,0.699,8,-5.405,0,0.277,0.00671,0,0.195,0.547,154.981,audio_features,4jVBIpuOiMj1crqd8LoCrJ,spotify:track:4jVBIpuOiMj1crqd8LoCrJ,https://api.spotify.com/v1/tracks/4jVBIpuOiMj1crqd8LoCrJ,https://api.spotify.com/v1/audio-analysis/4jVBIpuOiMj1crqd8LoCrJ,202795,4,Abdul
212,Joe,Ride wit U (feat. G-Unit),0.796,0.604,2,-5.376,0,0.0702,0.0212,0,0.0439,0.722,101.981,audio_features,28DDh8OK8Ls6dWEwz1Tm1A,spotify:track:28DDh8OK8Ls6dWEwz1Tm1A,https://api.spotify.com/v1/tracks/28DDh8OK8Ls6dWEwz1Tm1A,https://api.spotify.com/v1/audio-analysis/28DDh8OK8Ls6dWEwz1Tm1A,251880,4,Abdul
213,Headie One,Princess Cuts (feat. Young T & Bugsey),0.576,0.597,1,-6.659,0,0.318,0.196,0,0.049,0.885,101.174,audio_features,63Sb1AMnhb37DR59uXZdQd,spotify:track:63Sb1AMnhb37DR59uXZdQd,https://api.spotify.com/v1/tracks/63Sb1AMnhb37DR59uXZdQd,https://api.spotify.com/v1/audio-analysis/63Sb1AMnhb37DR59uXZdQd,185080,4,Abdul
214,Bow Wow,Ain't Thinkin' 'Bout You,0.54,0.617,1,-5.534,1,0.125,0.0113,0,0.088,0.127,116.635,audio_features,4GtvQ52U6f9LGkwjAqL60e,spotify:track:4GtvQ52U6f9LGkwjAqL60e,https://api.spotify.com/v1/tracks/4GtvQ52U6f9LGkwjAqL60e,https://api.spotify.com/v1/audio-analysis/4GtvQ52U6f9LGkwjAqL60e,230907,5,Abdul
215,50 Cent,Hustler's Ambition,0.627,0.675,7,-8.299,1,0.284,0.265,0,0.309,0.662,87.93,audio_features,0dZlON0G0od05O549PikZU,spotify:track:0dZlON0G0od05O549PikZU,https://api.spotify.com/v1/tracks/0dZlON0G0od05O549PikZU,https://api.spotify.com/v1/audio-analysis/0dZlON0G0od05O549PikZU,237347,4,Abdul
216,Swedish House Mafia,Moth To A Flame (with The Weeknd),0.542,0.659,8,-7.289,1,0.0389,0.00279,0,0.105,0.109,120.122,audio_features,7kfOEMJBJwdCYqyJeEnNhr,spotify:track:7kfOEMJBJwdCYqyJeEnNhr,https://api.spotify.com/v1/tracks/7kfOEMJBJwdCYqyJeEnNhr,https://api.spotify.com/v1/audio-analysis/7kfOEMJBJwdCYqyJeEnNhr,234000,4,Abdul
