,artist,track,danceability,energy,key,loudness,mode,speechiness,acousticness,instrumentalness,liveness,valence,tempo,type,id,uri,track_href,analysis_url,duration_ms,time_signature,target
0,Jonas Blue,Mama - Acoustic,0.564,0.364,10,-5.845,0,0.0631,0.759,0,0.0839,0.591,86.538,audio_features,3VOtM6x5KXZuxSzHaaf9oO,spotify:track:3VOtM6x5KXZuxSzHaaf9oO,https://api.spotify.com/v1/tracks/3VOtM6x5KXZuxSzHaaf9oO,https://api.spotify.com/v1/audio-analysis/3VOtM6x5KXZuxSzHaaf9oO,192277,4,1
1,Jooyoung,Same as you,0.701,0.519,1,-6.382,1,0.0516,0.314,0,0.207,0.498,89.977,audio_features,0wpskpgrWHEDWjPgkddspN,spotify:track:0wpskpgrWHEDWjPgkddspN,https://api.spotify.com/v1/tracks/0wpskpgrWHEDWjPgkddspN,https://api.spotify.com/v1/audio-analysis/0wpskpgrWHEDWjPgkddspN,223044,4,1
2,Nightwish,The Poet And The Pendulum,0.309,0.74,7,-5.917,0,0.0456,0.00854,0.0258,0.119,0.166,144.861,audio_features,2XD4JzbZWRuRKzzCi5Cocm,spotify:track:2XD4JzbZWRuRKzzCi5Cocm,https://api.spotify.com/v1/tracks/2XD4JzbZWRuRKzzCi5Cocm,https://api.spotify.com/v1/audio-analysis/2XD4JzbZWRuRKzzCi5Cocm,834720,4,1
3,Ed Sheeran,Afire Love,0.552,0.637,5,-6.568,1,0.0445,0.464,1.63E-05,0.136,0.333,97.97,audio_features,12B0Twa9kRz45Xw2PgXHJm,spotify:track:12B0Twa9kRz45Xw2PgXHJm,https://api.spotify.com/v1/tracks/12B0Twa9kRz45Xw2PgXHJm,https://api.spotify.com/v1/audio-analysis/12B0Twa9kRz45Xw2PgXHJm,314280,4,1
4,Linkin Park,Given Up,0.655,0.885,7,-4.116,1,0.0438,0.00117,0.000473,0.0448,0.938,100.088,audio_features,1fLlRApgzxWweF1JTf8yM5,spotify:track:1fLlRApgzxWweF1JTf8yM5,https://api.spotify.com/v1/tracks/1fLlRApgzxWweF1JTf8yM5,https://api.spotify.com/v1/audio-analysis/1fLlRApgzxWweF1JTf8yM5,189293,4,1
5,He Is We,All About Us,0.564,0.534,4,-6.05,1,0.0238,0.28,0,0.121,0.409,85.964,audio_features,2185NMvk68x92ygV1iP89F,spotify:track:2185NMvk68x92ygV1iP89F,https://api.spotify.com/v1/tracks/2185NMvk68x92ygV1iP89F,https://api.spotify.com/v1/audio-analysis/2185NMvk68x92ygV1iP89F,206533,4,1
6,Ed Sheeran,Take It Back,0.754,0.613,5,-6.342,1,0.229,0.318,0,0.335,0.904,113.196,audio_features,2dmOWlEHrP266Qgz6wnUrd,spotify:track:2dmOWlEHrP266Qgz6wnUrd,https://api.spotify.com/v1/tracks/2dmOWlEHrP266Qgz6wnUrd,https://api.spotify.com/v1/audio-analysis/2dmOWlEHrP266Qgz6wnUrd,208400,4,1
7,Defqwop,Heart Afire,0.414,0.708,0,-4.181,0,0.0912,0.0316,0,0.0623,0.392,199.9,audio_features,0JQjr0kpluPAuskMPHjqh3,spotify:track:0JQjr0kpluPAuskMPHjqh3,https://api.spotify.com/v1/tracks/0JQjr0kpluPAuskMPHjqh3,https://api.spotify.com/v1/audio-analysis/0JQjr0kpluPAuskMPHjqh3,240039,4,1
8,SEVENTEEN,Mansae,0.749,0.955,7,-1.767,1,0.0867,0.0547,0,0.112,0.761,111.96,audio_features,5rIsrawNyPv1q8v11iwJsh,spotify:track:5rIsrawNyPv1q8v11iwJsh,https://api.spotify.com/v1/tracks/5rIsrawNyPv1q8v11iwJsh,https://api.spotify.com/v1/audio-analysis/5rIsrawNyPv1q8v11iwJsh,186875,4,1
9,Nightwish,End Of All Hope,0.477,0.946,5,-6.734,1,0.0423,6.14E-05,0.0271,0.333,0.563,79.948,audio_features,3vm2YWzVKrIaWXZcmEIFdP,spotify:track:3vm2YWzVKrIaWXZcmEIFdP,https://api.spotify.com/v1/tracks/3vm2YWzVKrIaWXZcmEIFdP,https://api.spotify.com/v1/audio-analysis/3vm2YWzVKrIaWXZcmEIFdP,233800,4,1
10,Within Temptation,Angels,0.493,0.865,7,-4.71,0,0.0357,0.286,0,0.152,0.192,90.979,audio_features,50A75OZiqGkRdF904sRQXg,spotify:track:50A75OZiqGkRdF904sRQXg,https://api.spotify.com/v1/tracks/50A75OZiqGkRdF904sRQXg,https://api.spotify.com/v1/audio-analysis/50A75OZiqGkRdF904sRQXg,242440,4,1
11,John Mayer,Slow Dancing in a Burning Room,0.667,0.361,1,-8.69,0,0.0273,0.575,0.00506,0.0805,0.29,134.018,audio_features,2jdAk8ATWIL3dwT47XpRfu,spotify:track:2jdAk8ATWIL3dwT47XpRfu,https://api.spotify.com/v1/tracks/2jdAk8ATWIL3dwT47XpRfu,https://api.spotify.com/v1/audio-analysis/2jdAk8ATWIL3dwT47XpRfu,242000,5,1
12,Porcelain Black,One Woman Army,0.592,0.842,1,-6.421,0,0.11,0.0661,0,0.313,0.708,121.077,audio_features,6SUHMSU9EBORT2fskEirQE,spotify:track:6SUHMSU9EBORT2fskEirQE,https://api.spotify.com/v1/tracks/6SUHMSU9EBORT2fskEirQE,https://api.spotify.com/v1/audio-analysis/6SUHMSU9EBORT2fskEirQE,216756,4,1
13,Children Of Bodom,Oops!...I Did It Again,0.624,0.857,0,-4.444,1,0.0585,0.00185,0.00358,0.245,0.435,104.977,audio_features,22sZ8JkpfLH5a2nH05Wk8x,spotify:track:22sZ8JkpfLH5a2nH05Wk8x,https://api.spotify.com/v1/tracks/22sZ8JkpfLH5a2nH05Wk8x,https://api.spotify.com/v1/audio-analysis/22sZ8JkpfLH5a2nH05Wk8x,200880,4,1
14,Gallant,Weight in Gold,0.38,0.438,5,-5.526,0,0.0962,0.0259,1.29E-05,0.154,0.349,179.404,audio_features,1gXBi2I04CLJkTQnhNfEJT,spotify:track:1gXBi2I04CLJkTQnhNfEJT,https://api.spotify.com/v1/tracks/1gXBi2I04CLJkTQnhNfEJT,https://api.spotify.com/v1/audio-analysis/1gXBi2I04CLJkTQnhNfEJT,203813,3,1
15,Gallant,Talking to Myself,0.628,0.485,0,-6.02,1,0.0733,0.0101,3.79E-06,0.113,0.54,119.879,audio_features,5ivOiIOSkypt3P1jqjlmcf,spotify:track:5ivOiIOSkypt3P1jqjlmcf,https://api.spotify.com/v1/tracks/5ivOiIOSkypt3P1jqjlmcf,https://api.spotify.com/v1/audio-analysis/5ivOiIOSkypt3P1jqjlmcf,237560,4,1
16,Children Of Bodom,Downfall,0.439,0.951,3,-3.69,1,0.0569,0.00116,0.899,0.0926,0.247,99.533,audio_features,0GPErTOWivSx5biNCbw4OL,spotify:track:0GPErTOWivSx5biNCbw4OL,https://api.spotify.com/v1/tracks/0GPErTOWivSx5biNCbw4OL,https://api.spotify.com/v1/audio-analysis/0GPErTOWivSx5biNCbw4OL,280547,4,1
17,Children Of Bodom,Bed Of Razors,0.394,0.971,2,-3.104,0,0.0588,0.00115,0.54,0.165,0.335,138.702,audio_features,0TuQ4wmBzjFFewYkYv3Cdx,spotify:track:0TuQ4wmBzjFFewYkYv3Cdx,https://api.spotify.com/v1/tracks/0TuQ4wmBzjFFewYkYv3Cdx,https://api.spotify.com/v1/audio-analysis/0TuQ4wmBzjFFewYkYv3Cdx,235867,4,1
18,Within Temptation,Hand of Sorrow,0.502,0.954,5,-3.86,0,0.111,0.0223,0.000186,0.135,0.199,126.934,audio_features,61i8W3gHpGUAIDlQj5UUAE,spotify:track:61i8W3gHpGUAIDlQj5UUAE,https://api.spotify.com/v1/tracks/61i8W3gHpGUAIDlQj5UUAE,https://api.spotify.com/v1/audio-analysis/61i8W3gHpGUAIDlQj5UUAE,335680,4,1
19,Within Temptation,Angels,0.341,0.867,7,-4.727,0,0.0492,0.293,0,0.257,0.2,182.023,audio_features,3TEwbiC0GhIRStn3Eabtu7,spotify:track:3TEwbiC0GhIRStn3Eabtu7,https://api.spotify.com/v1/tracks/3TEwbiC0GhIRStn3Eabtu7,https://api.spotify.com/v1/audio-analysis/3TEwbiC0GhIRStn3Eabtu7,240440,4,1
20,Rihanna,Kiss It Better,0.619,0.806,3,-4.8,0,0.0483,0.272,0,0.0671,0.877,95,audio_features,7bmqcI1HQwx1PWwYyZO0lg,spotify:track:7bmqcI1HQwx1PWwYyZO0lg,https://api.spotify.com/v1/tracks/7bmqcI1HQwx1PWwYyZO0lg,https://api.spotify.com/v1/audio-analysis/7bmqcI1HQwx1PWwYyZO0lg,253080,4,0
21,GAYLE,abcdefu,0.695,0.54,4,-5.692,1,0.0493,0.299,0,0.367,0.415,121.932,audio_features,4fouWK6XVHhzl78KzQ1UjL,spotify:track:4fouWK6XVHhzl78KzQ1UjL,https://api.spotify.com/v1/tracks/4fouWK6XVHhzl78KzQ1UjL,https://api.spotify.com/v1/audio-analysis/4fouWK6XVHhzl78KzQ1UjL,168602,4,0
22,Dua Lipa,Love Again,0.659,0.667,11,-4.668,0,0.0339,0.00173,2.85E-05,0.1,0.468,115.982,audio_features,5CSKbHjpqborGnlzagyaDo,spotify:track:5CSKbHjpqborGnlzagyaDo,https://api.spotify.com/v1/tracks/5CSKbHjpqborGnlzagyaDo,https://api.spotify.com/v1/audio-analysis/5CSKbHjpqborGnlzagyaDo,258004,4,0
23,Bad Bunny,DÁKITI,0.731,0.573,4,-10.059,0,0.0544,0.401,5.22E-05,0.113,0.145,109.928,audio_features,4MzXwWMhyBbmu6hOcLVD49,spotify:track:4MzXwWMhyBbmu6hOcLVD49,https://api.spotify.com/v1/tracks/4MzXwWMhyBbmu6hOcLVD49,https://api.spotify.com/v1/audio-analysis/4MzXwWMhyBbmu6hOcLVD49,205090,4,0
24,Justin Bieber,Anyone,0.686,0.538,2,-8.026,1,0.0345,0.181,3.13E-06,0.113,0.584,115.884,audio_features,31qCy5ZaophVA81wtlwLc4,spotify:track:31qCy5ZaophVA81wtlwLc4,https://api.spotify.com/v1/tracks/31qCy5ZaophVA81wtlwLc4,https://api.spotify.com/v1/audio-analysis/31qCy5ZaophVA81wtlwLc4,190779,4,0
25,Bazzi,Mine,0.71,0.789,4,-3.874,1,0.0722,0.0161,2.77E-06,0.451,0.717,142.929,audio_features,7uzmGiiJyRfuViKKK3lVmR,spotify:track:7uzmGiiJyRfuViKKK3lVmR,https://api.spotify.com/v1/tracks/7uzmGiiJyRfuViKKK3lVmR,https://api.spotify.com/v1/audio-analysis/7uzmGiiJyRfuViKKK3lVmR,131064,4,0
26,Ruel,Dazed & Confused,0.688,0.5,2,-7.411,1,0.138,0.102,0,0.355,0.418,127.906,audio_features,2pyjbGTpJCPjMYwCbdymiF,spotify:track:2pyjbGTpJCPjMYwCbdymiF,https://api.spotify.com/v1/tracks/2pyjbGTpJCPjMYwCbdymiF,https://api.spotify.com/v1/audio-analysis/2pyjbGTpJCPjMYwCbdymiF,189608,3,0
27,HYGH Lofi Music,Redbone,0.649,0.159,3,-12.456,0,0.0488,0.961,0.946,0.106,0.214,80.045,audio_features,2P2UqSc0bJFSH9PhSZKw8Y,spotify:track:2P2UqSc0bJFSH9PhSZKw8Y,https://api.spotify.com/v1/tracks/2P2UqSc0bJFSH9PhSZKw8Y,https://api.spotify.com/v1/audio-analysis/2P2UqSc0bJFSH9PhSZKw8Y,96478,4,0
28,Troye Sivan,IN A DREAM,0.538,0.808,0,-5.644,1,0.132,0.019,1.99E-06,0.136,0.702,170.032,audio_features,1444RlH5FNC5fJmBcLB9xI,spotify:track:1444RlH5FNC5fJmBcLB9xI,https://api.spotify.com/v1/tracks/1444RlH5FNC5fJmBcLB9xI,https://api.spotify.com/v1/audio-analysis/1444RlH5FNC5fJmBcLB9xI,229614,4,0
29,Marshmello,Leave Before You Love Me (with Jonas Brothers),0.721,0.738,7,-4.77,1,0.0403,0.00226,4.41E-06,0.118,0.637,119.976,audio_features,4qu63nuBpdn0qHUHuObEj1,spotify:track:4qu63nuBpdn0qHUHuObEj1,https://api.spotify.com/v1/tracks/4qu63nuBpdn0qHUHuObEj1,https://api.spotify.com/v1/audio-analysis/4qu63nuBpdn0qHUHuObEj1,154983,4,0
30,Tate McRae,lie to me,0.642,0.392,4,-7.846,0,0.0372,0.0151,0,0.352,0.0479,138.065,audio_features,4f9IfFvBFm7Gsf1IVEudyf,spotify:track:4f9IfFvBFm7Gsf1IVEudyf,https://api.spotify.com/v1/tracks/4f9IfFvBFm7Gsf1IVEudyf,https://api.spotify.com/v1/audio-analysis/4f9IfFvBFm7Gsf1IVEudyf,177440,4,0
31,Ruel,GROWING UP IS _____,0.673,0.729,0,-5.664,1,0.029,0.000983,0.000107,0.226,0.482,112.535,audio_features,2wJ1eOCIBwoQiN7xQtrTAY,spotify:track:2wJ1eOCIBwoQiN7xQtrTAY,https://api.spotify.com/v1/tracks/2wJ1eOCIBwoQiN7xQtrTAY,https://api.spotify.com/v1/audio-analysis/2wJ1eOCIBwoQiN7xQtrTAY,233588,4,0
32,Shawn Mendes,Wonder,0.333,0.637,1,-4.904,0,0.0581,0.131,1.80E-05,0.149,0.132,139.898,audio_features,5KCbr5ndeby4y4ggthdiAb,spotify:track:5KCbr5ndeby4y4ggthdiAb,https://api.spotify.com/v1/tracks/5KCbr5ndeby4y4ggthdiAb,https://api.spotify.com/v1/audio-analysis/5KCbr5ndeby4y4ggthdiAb,172693,4,0
33,Daya,Bad Girl - JVKE Remix,0.834,0.662,5,-6.179,1,0.0407,0.522,9.07E-05,0.14,0.718,115.999,audio_features,0wp6ckRomrGJq2fD2CFOQE,spotify:track:0wp6ckRomrGJq2fD2CFOQE,https://api.spotify.com/v1/tracks/0wp6ckRomrGJq2fD2CFOQE,https://api.spotify.com/v1/audio-analysis/0wp6ckRomrGJq2fD2CFOQE,166223,4,0
34,Claire Rosinkranz,Frankenstein,0.826,0.745,2,-6.091,1,0.141,0.13,1.32E-05,0.178,0.883,119.92,audio_features,1xSmjB0t19q4CSJ0X0ymGB,spotify:track:1xSmjB0t19q4CSJ0X0ymGB,https://api.spotify.com/v1/tracks/1xSmjB0t19q4CSJ0X0ymGB,https://api.spotify.com/v1/audio-analysis/1xSmjB0t19q4CSJ0X0ymGB,202249,4,0
35,Machine Gun Kelly,emo girl (feat. WILLOW),0.41,0.881,2,-3.502,1,0.087,0.000406,4.26E-05,0.922,0.357,165.006,audio_features,2AAyBZmMVZSZfgzXRYJOWQ,spotify:track:2AAyBZmMVZSZfgzXRYJOWQ,https://api.spotify.com/v1/tracks/2AAyBZmMVZSZfgzXRYJOWQ,https://api.spotify.com/v1/audio-analysis/2AAyBZmMVZSZfgzXRYJOWQ,159096,4,0
36,WILLOW,Wait a Minute!,0.764,0.705,3,-5.279,0,0.0278,0.0371,1.94E-05,0.0943,0.672,101.003,audio_features,0y60itmpH0aPKsFiGxmtnh,spotify:track:0y60itmpH0aPKsFiGxmtnh,https://api.spotify.com/v1/tracks/0y60itmpH0aPKsFiGxmtnh,https://api.spotify.com/v1/audio-analysis/0y60itmpH0aPKsFiGxmtnh,196520,4,0
37,M83,Midnight City,0.519,0.728,11,-5.41,0,0.0388,0.0188,1.53E-06,0.0656,0.248,105.028,audio_features,0gnyAfjj9sxtXmpcAf3AKu,spotify:track:0gnyAfjj9sxtXmpcAf3AKu,https://api.spotify.com/v1/tracks/0gnyAfjj9sxtXmpcAf3AKu,https://api.spotify.com/v1/audio-analysis/0gnyAfjj9sxtXmpcAf3AKu,243960,4,0
38,Latto,Big Energy (feat. DJ Khaled) - Remix,0.867,0.771,11,-3.688,0,0.0939,0.0385,0,0.133,0.715,106.021,audio_features,4nmD4awtUUCC4AGETpUiuP,spotify:track:4nmD4awtUUCC4AGETpUiuP,https://api.spotify.com/v1/tracks/4nmD4awtUUCC4AGETpUiuP,https://api.spotify.com/v1/audio-analysis/4nmD4awtUUCC4AGETpUiuP,181666,4,0
39,Troye Sivan,Angel Baby,0.559,0.559,11,-6.425,1,0.0358,0.0145,0,0.138,0.338,72.498,audio_features,2m6Ko3CY1qXNNja8AlugNc,spotify:track:2m6Ko3CY1qXNNja8AlugNc,https://api.spotify.com/v1/tracks/2m6Ko3CY1qXNNja8AlugNc,https://api.spotify.com/v1/audio-analysis/2m6Ko3CY1qXNNja8AlugNc,220780,4,0
40,AC/DC,Thunderstruck,0.502,0.89,4,-5.175,1,0.0364,0.000147,0.0117,0.217,0.259,133.52,audio_features,57bgtoPSgt236HzfBOd8kj,spotify:track:57bgtoPSgt236HzfBOd8kj,https://api.spotify.com/v1/tracks/57bgtoPSgt236HzfBOd8kj,https://api.spotify.com/v1/audio-analysis/57bgtoPSgt236HzfBOd8kj,292880,4,0
41,Flowers,We Can Get Together,0.656,0.843,7,-6.594,1,0.113,0.000264,0.000357,0.111,0.647,145.039,audio_features,19CLG4DCbRTIRCoNyn1teP,spotify:track:19CLG4DCbRTIRCoNyn1teP,https://api.spotify.com/v1/tracks/19CLG4DCbRTIRCoNyn1teP,https://api.spotify.com/v1/audio-analysis/19CLG4DCbRTIRCoNyn1teP,226973,4,0
42,Tom Petty,Runnin' Down A Dream,0.451,0.89,9,-12.737,1,0.0435,0.00045,0.167,0.495,0.412,169.934,audio_features,4AiMaeCXwsldpwvA5wu5gM,spotify:track:4AiMaeCXwsldpwvA5wu5gM,https://api.spotify.com/v1/tracks/4AiMaeCXwsldpwvA5wu5gM,https://api.spotify.com/v1/audio-analysis/4AiMaeCXwsldpwvA5wu5gM,292000,4,0
43,The Killers,Mr. Brightside,0.352,0.911,1,-5.23,1,0.0747,0.00121,0,0.0995,0.236,148.033,audio_features,003vvx7Niy0yvhvHt4a68B,spotify:track:003vvx7Niy0yvhvHt4a68B,https://api.spotify.com/v1/tracks/003vvx7Niy0yvhvHt4a68B,https://api.spotify.com/v1/audio-analysis/003vvx7Niy0yvhvHt4a68B,222973,4,0
44,Iron Maiden,Run to the Hills - 2015 Remaster,0.249,0.943,0,-5.188,1,0.0669,0.0286,0.00401,0.162,0.458,173.671,audio_features,4Zc7TCHzuNwL0AFBlyLdyr,spotify:track:4Zc7TCHzuNwL0AFBlyLdyr,https://api.spotify.com/v1/tracks/4Zc7TCHzuNwL0AFBlyLdyr,https://api.spotify.com/v1/audio-analysis/4Zc7TCHzuNwL0AFBlyLdyr,233507,4,0
45,Talking Heads,Once in a Lifetime - 2005 Remaster,0.644,0.919,2,-6.289,1,0.0561,0.181,0.134,0.622,0.871,117.459,audio_features,38Ngied9rBORlAbLYNCl4k,spotify:track:38Ngied9rBORlAbLYNCl4k,https://api.spotify.com/v1/tracks/38Ngied9rBORlAbLYNCl4k,https://api.spotify.com/v1/audio-analysis/38Ngied9rBORlAbLYNCl4k,259907,4,0
46,Gary Numan,Cars,0.545,0.578,2,-8.745,1,0.0406,0.0114,6.57E-05,0.0692,0.819,128.038,audio_features,4QQEzkxcONBthDLfzqIh9S,spotify:track:4QQEzkxcONBthDLfzqIh9S,https://api.spotify.com/v1/tracks/4QQEzkxcONBthDLfzqIh9S,https://api.spotify.com/v1/audio-analysis/4QQEzkxcONBthDLfzqIh9S,238907,4,0
47,Pete Murray,Better Days,0.638,0.571,1,-7.311,1,0.0248,0.141,0.000141,0.275,0.339,113.978,audio_features,38ch7Tu4x3oMbmV2HjMG3q,spotify:track:38ch7Tu4x3oMbmV2HjMG3q,https://api.spotify.com/v1/tracks/38ch7Tu4x3oMbmV2HjMG3q,https://api.spotify.com/v1/audio-analysis/38ch7Tu4x3oMbmV2HjMG3q,222987,4,0
48,Pink Floyd,Wish You Were Here,0.481,0.262,7,-15.73,1,0.0414,0.735,0.0114,0.832,0.375,122.861,audio_features,6mFkJmJqdDVQ1REhVfGgd1,spotify:track:6mFkJmJqdDVQ1REhVfGgd1,https://api.spotify.com/v1/tracks/6mFkJmJqdDVQ1REhVfGgd1,https://api.spotify.com/v1/audio-analysis/6mFkJmJqdDVQ1REhVfGgd1,334744,4,0
49,Black Eyed Peas,I Gotta Feeling,0.743,0.766,0,-6.375,1,0.0265,0.0873,0,0.509,0.61,127.96,audio_features,4kLLWz7srcuLKA7Et40PQR,spotify:track:4kLLWz7srcuLKA7Et40PQR,https://api.spotify.com/v1/tracks/4kLLWz7srcuLKA7Et40PQR,https://api.spotify.com/v1/audio-analysis/4kLLWz7srcuLKA7Et40PQR,289133,4,0
50,LMC,Take Me To The Clouds Above - LMC Vs. U2 / Radio Edit,0.668,0.905,6,-5.395,1,0.038,0.00232,0.0331,0.141,0.667,128.658,audio_features,4zrl5YGi2OqMar45Kdn4BM,spotify:track:4zrl5YGi2OqMar45Kdn4BM,https://api.spotify.com/v1/tracks/4zrl5YGi2OqMar45Kdn4BM,https://api.spotify.com/v1/audio-analysis/4zrl5YGi2OqMar45Kdn4BM,171547,4,0
51,Boogie Pimps,Somebody to Love - Main Club Mix,0.842,0.604,11,-9.38,1,0.0567,0.021,0.663,0.108,0.779,130.502,audio_features,50v2JhRDBbQa7TpNIV3zmp,spotify:track:50v2JhRDBbQa7TpNIV3zmp,https://api.spotify.com/v1/tracks/50v2JhRDBbQa7TpNIV3zmp,https://api.spotify.com/v1/audio-analysis/50v2JhRDBbQa7TpNIV3zmp,312773,4,0
52,D:Ream,Things Can Only Get Better,0.671,0.74,10,-12.43,0,0.0389,0.122,0,0.196,0.102,125,audio_features,5HmwYfynpGAjgrj4bp9eMy,spotify:track:5HmwYfynpGAjgrj4bp9eMy,https://api.spotify.com/v1/tracks/5HmwYfynpGAjgrj4bp9eMy,https://api.spotify.com/v1/audio-analysis/5HmwYfynpGAjgrj4bp9eMy,258000,4,0
53,Steppenwolf,Born To Be Wild,0.438,0.71,2,-12.412,1,0.0919,0.262,0.537,0.221,0.53,145.928,audio_features,63OFKbMaZSDZ4wtesuuq6f,spotify:track:63OFKbMaZSDZ4wtesuuq6f,https://api.spotify.com/v1/tracks/63OFKbMaZSDZ4wtesuuq6f,https://api.spotify.com/v1/audio-analysis/63OFKbMaZSDZ4wtesuuq6f,210373,4,0
54,Joy Division,Love Will Tear Us Apart,0.443,0.956,2,-6.198,1,0.0511,5.24E-05,0.825,0.135,0.909,146.754,audio_features,2JO3HwMRPeya8bXbtbyPcf,spotify:track:2JO3HwMRPeya8bXbtbyPcf,https://api.spotify.com/v1/tracks/2JO3HwMRPeya8bXbtbyPcf,https://api.spotify.com/v1/audio-analysis/2JO3HwMRPeya8bXbtbyPcf,206867,4,0
55,Roy Orbison,I Drove All Night,0.478,0.624,5,-11.16,1,0.0393,0.655,0.00197,0.114,0.579,138.708,audio_features,6U7QjXYOaLJ741cIWPBTyN,spotify:track:6U7QjXYOaLJ741cIWPBTyN,https://api.spotify.com/v1/tracks/6U7QjXYOaLJ741cIWPBTyN,https://api.spotify.com/v1/audio-analysis/6U7QjXYOaLJ741cIWPBTyN,226893,4,0
56,A Flock Of Seagulls,Space Age Love Song,0.447,0.744,2,-4.613,1,0.0311,3.62E-05,0.106,0.21,0.552,139.959,audio_features,4FMsajq8hKiOmcJ7UzOhag,spotify:track:4FMsajq8hKiOmcJ7UzOhag,https://api.spotify.com/v1/tracks/4FMsajq8hKiOmcJ7UzOhag,https://api.spotify.com/v1/audio-analysis/4FMsajq8hKiOmcJ7UzOhag,226693,4,0
57,Florence + The Machine,You've Got The Love,0.574,0.694,6,-4.697,1,0.0327,0.00481,0,0.102,0.401,109.85,audio_features,244AvzGQ4Ksa5637JQu5Gy,spotify:track:244AvzGQ4Ksa5637JQu5Gy,https://api.spotify.com/v1/tracks/244AvzGQ4Ksa5637JQu5Gy,https://api.spotify.com/v1/audio-analysis/244AvzGQ4Ksa5637JQu5Gy,168667,4,0
58,Sigma,Glitterball,0.491,0.763,0,-4.827,1,0.0325,0.0416,0,0.184,0.215,140.036,audio_features,3XQ7KQwUQfiaTU44mCYALZ,spotify:track:3XQ7KQwUQfiaTU44mCYALZ,https://api.spotify.com/v1/tracks/3XQ7KQwUQfiaTU44mCYALZ,https://api.spotify.com/v1/audio-analysis/3XQ7KQwUQfiaTU44mCYALZ,226293,4,0
59,George Ezra,Budapest,0.717,0.455,5,-8.303,1,0.0276,0.0846,0,0.11,0.389,127.812,audio_features,2ixsaeFioXJmMgkkbd4uj1,spotify:track:2ixsaeFioXJmMgkkbd4uj1,https://api.spotify.com/v1/tracks/2ixsaeFioXJmMgkkbd4uj1,https://api.spotify.com/v1/audio-analysis/2ixsaeFioXJmMgkkbd4uj1,200733,4,0
60,SUPER-Hi,Following the Sun,0.734,0.828,6,-4.433,0,0.033,0.398,0.0225,0.136,0.717,127.023,audio_features,2sFbdDiEDpyCdP5nUCuGBm,spotify:track:2sFbdDiEDpyCdP5nUCuGBm,https://api.spotify.com/v1/tracks/2sFbdDiEDpyCdP5nUCuGBm,https://api.spotify.com/v1/audio-analysis/2sFbdDiEDpyCdP5nUCuGBm,205000,4,0
61,Latto,Big Energy,0.935,0.807,11,-3.838,0,0.114,0.0514,0,0.349,0.813,106.017,audio_features,6Zu3aw7FfjAF9WA0fA81Oq,spotify:track:6Zu3aw7FfjAF9WA0fA81Oq,https://api.spotify.com/v1/tracks/6Zu3aw7FfjAF9WA0fA81Oq,https://api.spotify.com/v1/audio-analysis/6Zu3aw7FfjAF9WA0fA81Oq,173182,4,0
62,Lizzo,About Damn Time,0.836,0.743,10,-6.305,0,0.0656,0.0995,0,0.335,0.722,108.966,audio_features,1PckUlxKqWQs3RlWXVBLw3,spotify:track:1PckUlxKqWQs3RlWXVBLw3,https://api.spotify.com/v1/tracks/1PckUlxKqWQs3RlWXVBLw3,https://api.spotify.com/v1/audio-analysis/1PckUlxKqWQs3RlWXVBLw3,191822,4,0
63,The Kid LAROI,Thousand Miles,0.376,0.657,7,-4.658,1,0.0768,0.0858,0,0.0884,0.203,80.565,audio_features,1r8ZCjfrQxoy2wVaBUbpwg,spotify:track:1r8ZCjfrQxoy2wVaBUbpwg,https://api.spotify.com/v1/tracks/1r8ZCjfrQxoy2wVaBUbpwg,https://api.spotify.com/v1/audio-analysis/1r8ZCjfrQxoy2wVaBUbpwg,164782,4,0
64,Calvin Harris,Potion (with Dua Lipa & Young Thug),0.824,0.697,11,-4.869,0,0.0473,0.158,4.11E-05,0.077,0.757,99.988,audio_features,7fYRg3CEbk6rNCuzNzMT06,spotify:track:7fYRg3CEbk6rNCuzNzMT06,https://api.spotify.com/v1/tracks/7fYRg3CEbk6rNCuzNzMT06,https://api.spotify.com/v1/audio-analysis/7fYRg3CEbk6rNCuzNzMT06,214460,4,0
65,Harry Styles,As It Was,0.52,0.731,6,-5.338,0,0.0557,0.342,0.00101,0.311,0.662,173.93,audio_features,4LRPiXqCikLlN15c3yImP7,spotify:track:4LRPiXqCikLlN15c3yImP7,https://api.spotify.com/v1/tracks/4LRPiXqCikLlN15c3yImP7,https://api.spotify.com/v1/audio-analysis/4LRPiXqCikLlN15c3yImP7,167303,4,0
66,Lost Frequencies,Where Are You Now,0.671,0.636,6,-8.117,0,0.103,0.515,0.000411,0.172,0.262,120.966,audio_features,3uUuGVFu1V7jTQL60S1r8z,spotify:track:3uUuGVFu1V7jTQL60S1r8z,https://api.spotify.com/v1/tracks/3uUuGVFu1V7jTQL60S1r8z,https://api.spotify.com/v1/audio-analysis/3uUuGVFu1V7jTQL60S1r8z,148197,4,0
67,Jack Harlow,First Class,0.905,0.563,8,-6.135,1,0.102,0.0254,9.71E-06,0.113,0.324,106.998,audio_features,1rDQ4oMwGJI7B4tovsBOxc,spotify:track:1rDQ4oMwGJI7B4tovsBOxc,https://api.spotify.com/v1/tracks/1rDQ4oMwGJI7B4tovsBOxc,https://api.spotify.com/v1/audio-analysis/1rDQ4oMwGJI7B4tovsBOxc,173948,4,0
68,Vance Joy,Clarity,0.552,0.873,0,-6.065,1,0.0464,0.00137,0.000273,0.0966,0.62,125.059,audio_features,5c6lM2zjAF6MFoD8C1hiBr,spotify:track:5c6lM2zjAF6MFoD8C1hiBr,https://api.spotify.com/v1/tracks/5c6lM2zjAF6MFoD8C1hiBr,https://api.spotify.com/v1/audio-analysis/5c6lM2zjAF6MFoD8C1hiBr,227240,4,0
69,Post Malone,Cooped Up (with Roddy Ricch),0.669,0.773,0,-5.619,1,0.153,0.038,0,0.113,0.377,93.923,audio_features,7DwcBgdzqhFJltEaV1XF81,spotify:track:7DwcBgdzqhFJltEaV1XF81,https://api.spotify.com/v1/tracks/7DwcBgdzqhFJltEaV1XF81,https://api.spotify.com/v1/audio-analysis/7DwcBgdzqhFJltEaV1XF81,185857,4,0
70,Harry Styles,Late Night Talking,0.714,0.728,10,-4.595,1,0.0468,0.298,0,0.106,0.901,114.996,audio_features,1qEmFfgcLObUfQm0j1W2CK,spotify:track:1qEmFfgcLObUfQm0j1W2CK,https://api.spotify.com/v1/tracks/1qEmFfgcLObUfQm0j1W2CK,https://api.spotify.com/v1/audio-analysis/1qEmFfgcLObUfQm0j1W2CK,177955,4,0
71,Flume,Say Nothing (feat. MAY-A),0.478,0.822,2,-1.961,0,0.0642,0.101,6.60E-05,0.12,0.309,130.058,audio_features,424Uwmm1kNW07Ty1nOhSpl,spotify:track:424Uwmm1kNW07Ty1nOhSpl,https://api.spotify.com/v1/tracks/424Uwmm1kNW07Ty1nOhSpl,https://api.spotify.com/v1/audio-analysis/424Uwmm1kNW07Ty1nOhSpl,232959,4,0
72,Kanye West,True Love,0.712,0.861,5,-5.487,0,0.25,0.0182,6.09E-06,0.511,0.388,84.042,audio_features,06JvOZ39sK8D8SqiqfaxDU,spotify:track:06JvOZ39sK8D8SqiqfaxDU,https://api.spotify.com/v1/tracks/06JvOZ39sK8D8SqiqfaxDU,https://api.spotify.com/v1/audio-analysis/06JvOZ39sK8D8SqiqfaxDU,148571,4,0
73,5 Seconds of Summer,Me Myself & I,0.575,0.556,4,-5.107,1,0.0283,0.0303,0,0.0903,0.44,87.991,audio_features,0C9aH2f4LO8SPPqUWOrcbk,spotify:track:0C9aH2f4LO8SPPqUWOrcbk,https://api.spotify.com/v1/tracks/0C9aH2f4LO8SPPqUWOrcbk,https://api.spotify.com/v1/audio-analysis/0C9aH2f4LO8SPPqUWOrcbk,177879,4,0
74,Kendrick Lamar,N95,0.79,0.67,1,-5.527,1,0.105,0.377,2.32E-06,0.119,0.408,139.956,audio_features,2FeBslNBMdR9V58uv6hd2t,spotify:track:2FeBslNBMdR9V58uv6hd2t,https://api.spotify.com/v1/tracks/2FeBslNBMdR9V58uv6hd2t,https://api.spotify.com/v1/audio-analysis/2FeBslNBMdR9V58uv6hd2t,195950,4,0
75,WILLOW,Wait a Minute!,0.764,0.705,3,-5.279,0,0.0278,0.0371,1.94E-05,0.0943,0.672,101.003,audio_features,0y60itmpH0aPKsFiGxmtnh,spotify:track:0y60itmpH0aPKsFiGxmtnh,https://api.spotify.com/v1/tracks/0y60itmpH0aPKsFiGxmtnh,https://api.spotify.com/v1/audio-analysis/0y60itmpH0aPKsFiGxmtnh,196520,4,0
76,AnnenMayKantereit,Tom's Diner,0.68,0.428,6,-8.107,0,0.135,0.376,0.000344,0.355,0.334,98.222,audio_features,0oA9wBGDY4uyILLg4GymWP,spotify:track:0oA9wBGDY4uyILLg4GymWP,https://api.spotify.com/v1/tracks/0oA9wBGDY4uyILLg4GymWP,https://api.spotify.com/v1/audio-analysis/0oA9wBGDY4uyILLg4GymWP,269333,4,0
77,Dean Lewis,Hurtless,0.37,0.559,0,-5.589,1,0.0526,0.186,0,0.121,0.316,162.816,audio_features,6HJizCbaqaEQG1eLjn341Z,spotify:track:6HJizCbaqaEQG1eLjn341Z,https://api.spotify.com/v1/tracks/6HJizCbaqaEQG1eLjn341Z,https://api.spotify.com/v1/audio-analysis/6HJizCbaqaEQG1eLjn341Z,180274,4,0
78,Leah Kate,10 Things I Hate About You,0.544,0.786,8,-2.97,1,0.0501,0.00991,0,0.169,0.446,153.967,audio_features,6Jkm5kUldvIqxzI1Pa7nXH,spotify:track:6Jkm5kUldvIqxzI1Pa7nXH,https://api.spotify.com/v1/tracks/6Jkm5kUldvIqxzI1Pa7nXH,https://api.spotify.com/v1/audio-analysis/6Jkm5kUldvIqxzI1Pa7nXH,157138,4,0
79,Brothers,LET'S TROT!,0.872,0.696,2,-6.898,1,0.268,0.0918,0,0.164,0.758,135.087,audio_features,2oqlgNaWn1ewr3FNKYLoie,spotify:track:2oqlgNaWn1ewr3FNKYLoie,https://api.spotify.com/v1/tracks/2oqlgNaWn1ewr3FNKYLoie,https://api.spotify.com/v1/audio-analysis/2oqlgNaWn1ewr3FNKYLoie,188111,4,0
80,Havana Brown,We Run The Night - Teddy Cream Remix,0.657,0.882,9,-5.507,0,0.159,0.000641,0.00102,0.0623,0.512,132.077,audio_features,0qOvlEzD7xU35GLFT8DF1t,spotify:track:0qOvlEzD7xU35GLFT8DF1t,https://api.spotify.com/v1/tracks/0qOvlEzD7xU35GLFT8DF1t,https://api.spotify.com/v1/audio-analysis/0qOvlEzD7xU35GLFT8DF1t,174545,4,0
81,Tyga,Freaky Deaky,0.799,0.653,2,-5.453,0,0.037,0.019,0,0.0935,0.236,104.019,audio_features,3vySEUpD0tc801F2WZDLYw,spotify:track:3vySEUpD0tc801F2WZDLYw,https://api.spotify.com/v1/tracks/3vySEUpD0tc801F2WZDLYw,https://api.spotify.com/v1/audio-analysis/3vySEUpD0tc801F2WZDLYw,215281,4,0
82,Jack Harlow,Dua Lipa,0.833,0.652,11,-6.942,1,0.0762,0.00161,0.0985,0.106,0.405,158.022,audio_features,0LnS7aOdOdI1dNKZqdOLz4,spotify:track:0LnS7aOdOdI1dNKZqdOLz4,https://api.spotify.com/v1/tracks/0LnS7aOdOdI1dNKZqdOLz4,https://api.spotify.com/v1/audio-analysis/0LnS7aOdOdI1dNKZqdOLz4,135053,4,0
83,Luude,Down Under (feat. Colin Hay),0.308,0.861,11,-4.112,0,0.172,0.012,0.00103,0.277,0.0386,171.966,audio_features,7AVyve7cFYTd51ha5i9kE2,spotify:track:7AVyve7cFYTd51ha5i9kE2,https://api.spotify.com/v1/tracks/7AVyve7cFYTd51ha5i9kE2,https://api.spotify.com/v1/audio-analysis/7AVyve7cFYTd51ha5i9kE2,158774,4,0
84,Doja Cat,Woman,0.824,0.764,5,-4.175,0,0.0854,0.0888,0.00294,0.117,0.881,107.998,audio_features,6Uj1ctrBOjOas8xZXGqKk4,spotify:track:6Uj1ctrBOjOas8xZXGqKk4,https://api.spotify.com/v1/tracks/6Uj1ctrBOjOas8xZXGqKk4,https://api.spotify.com/v1/audio-analysis/6Uj1ctrBOjOas8xZXGqKk4,172627,4,0
85,Wiz Khalifa,The Thrill,0.817,0.775,10,-4.767,0,0.108,0.277,0,0.108,0.806,126.984,audio_features,4wqzOaLxiCRy2Et8tRyNSX,spotify:track:4wqzOaLxiCRy2Et8tRyNSX,https://api.spotify.com/v1/tracks/4wqzOaLxiCRy2Et8tRyNSX,https://api.spotify.com/v1/audio-analysis/4wqzOaLxiCRy2Et8tRyNSX,234334,4,0
86,Tate McRae,she's all i wanna be,0.614,0.644,2,-5.372,0,0.0426,0.0134,7.07E-06,0.117,0.651,160.036,audio_features,0IuVhCflrQPMGRrOyoY5RW,spotify:track:0IuVhCflrQPMGRrOyoY5RW,https://api.spotify.com/v1/tracks/0IuVhCflrQPMGRrOyoY5RW,https://api.spotify.com/v1/audio-analysis/0IuVhCflrQPMGRrOyoY5RW,206772,4,0
87,bbno$,edamame (feat. Rich Brian),0.815,0.848,4,-4.704,0,0.115,0.023,0.000162,0.0265,0.684,106.032,audio_features,1uMHCAyGmHqyygoNRuo7MV,spotify:track:1uMHCAyGmHqyygoNRuo7MV,https://api.spotify.com/v1/tracks/1uMHCAyGmHqyygoNRuo7MV,https://api.spotify.com/v1/audio-analysis/1uMHCAyGmHqyygoNRuo7MV,133707,4,0
88,Megan Thee Stallion,Sweetest Pie,0.814,0.628,7,-7.178,1,0.221,0.167,0,0.101,0.677,123.977,audio_features,7mFj0LlWtEJaEigguaWqYh,spotify:track:7mFj0LlWtEJaEigguaWqYh,https://api.spotify.com/v1/tracks/7mFj0LlWtEJaEigguaWqYh,https://api.spotify.com/v1/audio-analysis/7mFj0LlWtEJaEigguaWqYh,201334,4,0
89,Lil Nas X,THATS WHAT I WANT,0.737,0.846,1,-4.51,0,0.22,0.00614,0,0.0486,0.546,87.981,audio_features,0e8nrvls4Qqv5Rfa2UhqmO,spotify:track:0e8nrvls4Qqv5Rfa2UhqmO,https://api.spotify.com/v1/tracks/0e8nrvls4Qqv5Rfa2UhqmO,https://api.spotify.com/v1/audio-analysis/0e8nrvls4Qqv5Rfa2UhqmO,143901,4,0
90,Camila Cabello,Bam Bam (feat. Ed Sheeran),0.756,0.697,8,-6.377,1,0.0401,0.182,0,0.333,0.956,94.996,audio_features,0QBzMgT7NIeoCYy3sJCof1,spotify:track:0QBzMgT7NIeoCYy3sJCof1,https://api.spotify.com/v1/tracks/0QBzMgT7NIeoCYy3sJCof1,https://api.spotify.com/v1/audio-analysis/0QBzMgT7NIeoCYy3sJCof1,206071,4,0
91,Jolyon Petch,Dreams,0.782,0.672,0,-5.913,1,0.0337,0.153,0.0138,0.165,0.961,123.982,audio_features,2J3TcdKkdU42R9zWqWi6LJ,spotify:track:2J3TcdKkdU42R9zWqWi6LJ,https://api.spotify.com/v1/tracks/2J3TcdKkdU42R9zWqWi6LJ,https://api.spotify.com/v1/audio-analysis/2J3TcdKkdU42R9zWqWi6LJ,198629,4,0
92,Jnr Choi,TO THE MOON,0.745,0.65,2,-11.814,1,0.346,0.0451,0.00758,0.111,0.386,144.047,audio_features,5vUnjhBzRJJIAOJPde6zDx,spotify:track:5vUnjhBzRJJIAOJPde6zDx,https://api.spotify.com/v1/tracks/5vUnjhBzRJJIAOJPde6zDx,https://api.spotify.com/v1/audio-analysis/5vUnjhBzRJJIAOJPde6zDx,152137,4,0
93,Adele,Oh My God,0.534,0.725,1,-3.906,1,0.046,0.091,0,0.0264,0.55,88.098,audio_features,3Kkjo3cT83cw09VJyrLNwX,spotify:track:3Kkjo3cT83cw09VJyrLNwX,https://api.spotify.com/v1/tracks/3Kkjo3cT83cw09VJyrLNwX,https://api.spotify.com/v1/audio-analysis/3Kkjo3cT83cw09VJyrLNwX,225149,4,0
94,RÜFÜS DU SOL,On My Knees,0.683,0.571,1,-7.721,1,0.0286,0.0335,0.0616,0.0957,0.29,120.044,audio_features,7ABUiQBM8cjktnp6QLTTaT,spotify:track:7ABUiQBM8cjktnp6QLTTaT,https://api.spotify.com/v1/tracks/7ABUiQBM8cjktnp6QLTTaT,https://api.spotify.com/v1/audio-analysis/7ABUiQBM8cjktnp6QLTTaT,261001,4,0
95,Elley Duhé,MIDDLE OF THE NIGHT,0.41,0.611,4,-8.271,0,0.0467,0.0228,0,0.116,0.0899,185.727,audio_features,58HvfVOeJY7lUuCqF0m3ly,spotify:track:58HvfVOeJY7lUuCqF0m3ly,https://api.spotify.com/v1/tracks/58HvfVOeJY7lUuCqF0m3ly,https://api.spotify.com/v1/audio-analysis/58HvfVOeJY7lUuCqF0m3ly,184448,3,0
96,Justin Bieber,Ghost,0.604,0.741,2,-5.571,1,0.0475,0.178,3.49E-05,0.409,0.473,153.947,audio_features,5dPz35akJjPqb17yeqNwqH,spotify:track:5dPz35akJjPqb17yeqNwqH,https://api.spotify.com/v1/tracks/5dPz35akJjPqb17yeqNwqH,https://api.spotify.com/v1/audio-analysis/5dPz35akJjPqb17yeqNwqH,153190,4,0
97,Elton John,Cold Heart - PNAU Remix,0.796,0.798,1,-6.312,1,0.0317,0.034,4.19E-05,0.0952,0.942,116.032,audio_features,6zSpb8dQRaw0M1dK8PBwQz,spotify:track:6zSpb8dQRaw0M1dK8PBwQz,https://api.spotify.com/v1/tracks/6zSpb8dQRaw0M1dK8PBwQz,https://api.spotify.com/v1/audio-analysis/6zSpb8dQRaw0M1dK8PBwQz,202735,4,0
98,Shouse,Love Tonight - Edit,0.727,0.681,5,-7.114,0,0.0265,0.00214,0.000307,0.0861,0.448,123.028,audio_features,6OufwUcCqo81guU2jAlDVP,spotify:track:6OufwUcCqo81guU2jAlDVP,https://api.spotify.com/v1/tracks/6OufwUcCqo81guU2jAlDVP,https://api.spotify.com/v1/audio-analysis/6OufwUcCqo81guU2jAlDVP,241970,4,0
99,Coldplay,My Universe,0.588,0.701,9,-6.39,1,0.0402,0.00813,0,0.2,0.443,104.988,audio_features,3FeVmId7tL5YN8B7R3imoM,spotify:track:3FeVmId7tL5YN8B7R3imoM,https://api.spotify.com/v1/tracks/3FeVmId7tL5YN8B7R3imoM,https://api.spotify.com/v1/audio-analysis/3FeVmId7tL5YN8B7R3imoM,228000,4,0
100,GAYLE,abcdefu,0.695,0.54,4,-5.692,1,0.0493,0.299,0,0.367,0.415,121.932,audio_features,4fouWK6XVHhzl78KzQ1UjL,spotify:track:4fouWK6XVHhzl78KzQ1UjL,https://api.spotify.com/v1/tracks/4fouWK6XVHhzl78KzQ1UjL,https://api.spotify.com/v1/audio-analysis/4fouWK6XVHhzl78KzQ1UjL,168602,4,0
101,Justin Bieber,Honest (feat. Don Toliver),0.81,0.655,8,-6.779,0,0.0698,0.127,8.16E-05,0.105,0.809,150.002,audio_features,2KdKh9vHbKW0tZLqtpxxI0,spotify:track:2KdKh9vHbKW0tZLqtpxxI0,https://api.spotify.com/v1/tracks/2KdKh9vHbKW0tZLqtpxxI0,https://api.spotify.com/v1/audio-analysis/2KdKh9vHbKW0tZLqtpxxI0,193322,4,0
102,Ed Sheeran,Shivers,0.788,0.859,2,-2.724,1,0.0856,0.281,0,0.0424,0.822,141.02,audio_features,6bQfNiqyCX7UaQSvVVGo4I,spotify:track:6bQfNiqyCX7UaQSvVVGo4I,https://api.spotify.com/v1/tracks/6bQfNiqyCX7UaQSvVVGo4I,https://api.spotify.com/v1/audio-analysis/6bQfNiqyCX7UaQSvVVGo4I,207853,4,0
103,NEIKED,Better Days (NEIKED x Mae Muller x Polo G),0.717,0.671,0,-5.077,0,0.0337,0.0018,2.54E-06,0.0921,0.699,110.054,audio_features,6f5ExP43esnvdKPddwKXJH,spotify:track:6f5ExP43esnvdKPddwKXJH,https://api.spotify.com/v1/tracks/6f5ExP43esnvdKPddwKXJH,https://api.spotify.com/v1/audio-analysis/6f5ExP43esnvdKPddwKXJH,160657,4,0
104,Tiësto,The Motto,0.754,0.763,7,-4.627,0,0.0435,0.0301,2.23E-05,0.0901,0.464,117.953,audio_features,18asYwWugKjjsihZ0YvRxO,spotify:track:18asYwWugKjjsihZ0YvRxO,https://api.spotify.com/v1/tracks/18asYwWugKjjsihZ0YvRxO,https://api.spotify.com/v1/audio-analysis/18asYwWugKjjsihZ0YvRxO,164819,4,0
105,The Kid LAROI,STAY (with Justin Bieber),0.591,0.764,1,-5.484,1,0.0483,0.0383,0,0.103,0.478,169.928,audio_features,5HCyWlXZPP0y6Gqq8TgA20,spotify:track:5HCyWlXZPP0y6Gqq8TgA20,https://api.spotify.com/v1/tracks/5HCyWlXZPP0y6Gqq8TgA20,https://api.spotify.com/v1/audio-analysis/5HCyWlXZPP0y6Gqq8TgA20,141806,4,0
106,Glass Animals,Heat Waves,0.761,0.525,11,-6.9,1,0.0944,0.44,6.70E-06,0.0921,0.531,80.87,audio_features,02MWAaffLxlfxAUY7c5dvx,spotify:track:02MWAaffLxlfxAUY7c5dvx,https://api.spotify.com/v1/tracks/02MWAaffLxlfxAUY7c5dvx,https://api.spotify.com/v1/audio-analysis/02MWAaffLxlfxAUY7c5dvx,238805,4,0
107,Ed Sheeran,Bad Habits,0.808,0.897,11,-3.712,0,0.0348,0.0469,3.14E-05,0.364,0.591,126.026,audio_features,6PQ88X9TkUIAUIZJHW2upE,spotify:track:6PQ88X9TkUIAUIZJHW2upE,https://api.spotify.com/v1/tracks/6PQ88X9TkUIAUIZJHW2upE,https://api.spotify.com/v1/audio-analysis/6PQ88X9TkUIAUIZJHW2upE,231041,4,0
108,Charlie Puth,Light Switch,0.69,0.626,6,-5.693,1,0.306,0.105,0.000335,0.0881,0.912,184.009,audio_features,1BSMpVGWs3v5BZKnAQziAc,spotify:track:1BSMpVGWs3v5BZKnAQziAc,https://api.spotify.com/v1/tracks/1BSMpVGWs3v5BZKnAQziAc,https://api.spotify.com/v1/audio-analysis/1BSMpVGWs3v5BZKnAQziAc,185681,4,0
109,Imagine Dragons,Enemy (with JID) - from the series Arcane League of Legends,0.728,0.783,11,-4.424,0,0.266,0.237,0,0.434,0.555,77.011,audio_features,1r9xUipOqoNwggBpENDsvJ,spotify:track:1r9xUipOqoNwggBpENDsvJ,https://api.spotify.com/v1/tracks/1r9xUipOqoNwggBpENDsvJ,https://api.spotify.com/v1/audio-analysis/1r9xUipOqoNwggBpENDsvJ,173381,4,0
